"maximumDepthInMeters"	"magnification"	"identifiedBy"	"minimumDepthInMeters"	"organismQuantityType"	"scientificName"	"identificationQualifier"	"year"	"expedition"	"locationID"	"fieldNumber"	"taxonRank"	"basisOfRecord"	"organismQuantity"	"individualCount"	"sampleSizeValue"	"sampleSizeUnit"	"occurrenceStatus"	"quantificationStatus"	"fieldsInCount"	"maxFields"	"takenVolume"	"bottleVolume"	"initialVolume"	"cellsInChamber"	"gear"	"sampletype"	"previousIdentifications"	"add"	"lifeStage"	"identificationRemarks"	"foto"
10	60	"AT"	10	"cells/l"	"Algirosphaera"	"sp."	2017	"GlacierFront2017"	"Cc3"	"PHT-025"	"species"	"Occurrence"	914.017032967033	1	0.0010940715150065132	"l"	"present"	"verified"	364	16635.11	50	1000	1	45.7008516483517	"Niskin bottle"	"phytoplankton"					
10	60	"AT"	10	"cells/l"	"Eutreptiella"	"sp."	2017	"GlacierFront2017"	"Cc3"	"PHT-025"	"species"	"Occurrence"	1039694.375	50	0.0000480910556046819	"l"	"present"	"verified"	16	16635.11	50	1000	1	51984.71875	"Niskin bottle"	"phytoplankton"					
10	60	"AT"	10	"cells/l"	"Eukaryota incertae sedis"	"indet."	2017	"GlacierFront2017"	"Cc3"	"PHT-025"		"Occurrence"	914.017032967033	1	0.0010940715150065132	"l"	"present"	"verified"	364	16635.11	50	1000	1	45.7008516483517	"Niskin bottle"	"phytoplankton"	"Flagellates"				
10	60	"AT"	10	"cells/l"	"Gymnodinium galeatum"		2017	"GlacierFront2017"	"Cc3"	"PHT-025"		"Occurrence"	914.017032967033	1	0.0010940715150065132	"l"	"present"	"verified"	364	16635.11	50	1000	1	45.7008516483517	"Niskin bottle"	"phytoplankton"					
10	60	"AT"	10	"cells/l"	"Gymnodinium"	"sp."	2017	"GlacierFront2017"	"Cc3"	"PHT-025"	"species"	"Occurrence"	7312.13626373626	8	0.0010940715150065132	"l"	"present"	"verified"	364	16635.11	50	1000	1	365.606813186813	"Niskin bottle"	"phytoplankton"	"Gymnodinium sp. 10-20um"				
10	60	"AT"	10	"cells/l"	"Gymnodinium"	"sp. cf. G. wulffii"	2017	"GlacierFront2017"	"Cc3"	"PHT-025"	"species"	"Occurrence"	914.017032967033	1	0.0010940715150065132	"l"	"present"	"verified"	364	16635.11	50	1000	1	45.7008516483517	"Niskin bottle"	"phytoplankton"					
10	60	"AT"	10	"cells/l"	"Oxyrrhis"	"sp."	2017	"GlacierFront2017"	"Cc3"	"PHT-025"	"species"	"Occurrence"	1828.03406593407	2	0.0010940715150065132	"l"	"present"	"verified"	364	16635.11	50	1000	1	91.4017032967033	"Niskin bottle"	"phytoplankton"					
10	60	"AT"	10	"cells/l"	"Prorocentrum cordatum"		2017	"GlacierFront2017"	"Cc3"	"PHT-025"		"Occurrence"	914.017032967033	1	0.0010940715150065132	"l"	"present"	"verified"	364	16635.11	50	1000	1	45.7008516483517	"Niskin bottle"	"phytoplankton"					
10	60	"AT"	10	"cells/l"	"Pyramimonas"	"sp."	2017	"GlacierFront2017"	"Cc3"	"PHT-025"	"species"	"Occurrence"	3656.06813186813	4	0.0010940715150065132	"l"	"present"	"verified"	364	16635.11	50	1000	1	182.803406593407	"Niskin bottle"	"phytoplankton"					
10	60	"AT"	10	"cells/l"	"Teleaulax"	"sp."	2017	"GlacierFront2017"	"Cc3"	"PHT-025"	"species"	"Occurrence"	1828.03406593407	2	0.0010940715150065132	"l"	"present"	"verified"	364	16635.11	50	1000	1	91.4017032967033	"Niskin bottle"	"phytoplankton"					
10	60	"AT"	10	"cells/l"	"Telonema"	"sp."	2017	"GlacierFront2017"	"Cc3"	"PHT-025"	"species"	"Occurrence"	914.017032967033	1	0.0010940715150065132	"l"	"present"	"verified"	364	16635.11	50	1000	1	45.7008516483517	"Niskin bottle"	"phytoplankton"					
10	60	"AT"	10	"cells/l"	"Tintinnopsis"	"sp."	2017	"GlacierFront2017"	"Cc3"	"PHT-025"	"species"	"Occurrence"	914.017032967033	1	0.0010940715150065132	"l"	"present"	"verified"	364	16635.11	50	1000	1	45.7008516483517	"Niskin bottle"	"phytoplankton"		"aglutinating"			
1	60	"AT"	1	"cells/l"	"Alexandrium"	"sp."	2017	"GlacierFront2017"	"CpN2"	"PHT-028"	"species"	"Occurrence"	790.266508313539	1	0.0012653959005981925	"l"	"present"	"verified"	421	16635.11	50	1000	1	39.513325415677	"Niskin bottle"	"phytoplankton"					
1	60	"AT"	1	"cells/l"	"Chrysophyceae"	"indet."	2017	"GlacierFront2017"	"CpN2"	"PHT-028"		"Occurrence"	1580.53301662708	2	0.0012653959005981925	"l"	"present"	"verified"	421	16635.11	50	1000	1	79.0266508313539	"Niskin bottle"	"phytoplankton"	"Chrysophycean"		"cyst"		
1	60	"AT"	1	"cells/l"	"Coccolithales"	"indet."	2017	"GlacierFront2017"	"CpN2"	"PHT-028"		"Occurrence"	3161.06603325416	4	0.0012653959005981925	"l"	"present"	"verified"	421	16635.11	50	1000	1	158.053301662708	"Niskin bottle"	"phytoplankton"	"Coccolithes"				
1	60	"AT"	1	"cells/l"	"Eutreptiella"	"sp."	2017	"GlacierFront2017"	"CpN2"	"PHT-028"	"species"	"Occurrence"	693129.583333333	50	0.00007213658340702285	"l"	"present"	"verified"	24	16635.11	50	1000	1	34656.4791666667	"Niskin bottle"	"phytoplankton"					
1	60	"AT"	1	"cells/l"	"Eukaryota incertae sedis"	"indet."	2017	"GlacierFront2017"	"CpN2"	"PHT-028"		"Occurrence"	3161.06603325416	4	0.0012653959005981925	"l"	"present"	"verified"	421	16635.11	50	1000	1	158.053301662708	"Niskin bottle"	"phytoplankton"	"Flagellates"				
1	60	"AT"	1	"cells/l"	"Eukaryota incertae sedis"	"indet."	2017	"GlacierFront2017"	"CpN2"	"PHT-028"		"Occurrence"	13434.5306413302	17	0.0012653959005981925	"l"	"present"	"verified"	421	16635.11	50	1000	1	671.726532066508	"Niskin bottle"	"phytoplankton"	"Flagellates"				
1	60	"AT"	1	"cells/l"	"Gymnodinium simplex"		2017	"GlacierFront2017"	"CpN2"	"PHT-028"		"Occurrence"	4741.59904988124	6	0.0012653959005981925	"l"	"present"	"verified"	421	16635.11	50	1000	1	237.079952494062	"Niskin bottle"	"phytoplankton"					
1	60	"AT"	1	"cells/l"	"Gymnodinium"	"sp."	2017	"GlacierFront2017"	"CpN2"	"PHT-028"	"species"	"Occurrence"	7902.66508313539	10	0.0012653959005981925	"l"	"present"	"verified"	421	16635.11	50	1000	1	395.13325415677	"Niskin bottle"	"phytoplankton"	"Gymnodinium sp. 10-20um"				
1	60	"AT"	1	"cells/l"	"Gymnodinium"	"sp. cf. G. wulffii"	2017	"GlacierFront2017"	"CpN2"	"PHT-028"	"species"	"Occurrence"	790.266508313539	1	0.0012653959005981925	"l"	"present"	"verified"	421	16635.11	50	1000	1	39.513325415677	"Niskin bottle"	"phytoplankton"					
1	60	"AT"	1	"cells/l"	"Gyrodinium fusiforme"		2017	"GlacierFront2017"	"CpN2"	"PHT-028"		"Occurrence"	1580.53301662708	2	0.0012653959005981925	"l"	"present"	"verified"	421	16635.11	50	1000	1	79.0266508313539	"Niskin bottle"	"phytoplankton"					
1	60	"AT"	1	"cells/l"	"Leucocryptos marina"		2017	"GlacierFront2017"	"CpN2"	"PHT-028"		"Occurrence"	790.266508313539	1	0.0012653959005981925	"l"	"present"	"verified"	421	16635.11	50	1000	1	39.513325415677	"Niskin bottle"	"phytoplankton"					
1	60	"AT"	1	"cells/l"	"Lohmanniella oviformis"		2017	"GlacierFront2017"	"CpN2"	"PHT-028"		"Occurrence"	790.266508313539	1	0.0012653959005981925	"l"	"present"	"verified"	421	16635.11	50	1000	1	39.513325415677	"Niskin bottle"	"phytoplankton"					
1	60	"AT"	1	"cells/l"	"Oxyrrhis"	"sp."	2017	"GlacierFront2017"	"CpN2"	"PHT-028"	"species"	"Occurrence"	11853.9976247031	15	0.0012653959005981925	"l"	"present"	"verified"	421	16635.11	50	1000	1	592.699881235154	"Niskin bottle"	"phytoplankton"					
1	60	"AT"	1	"cells/l"	"Prorocentrum cordatum"		2017	"GlacierFront2017"	"CpN2"	"PHT-028"		"Occurrence"	4741.59904988124	6	0.0012653959005981925	"l"	"present"	"verified"	421	16635.11	50	1000	1	237.079952494062	"Niskin bottle"	"phytoplankton"					
1	60	"AT"	1	"cells/l"	"Pyramimonas"	"sp."	2017	"GlacierFront2017"	"CpN2"	"PHT-028"	"species"	"Occurrence"	47528.8857142857	50	0.0010519918413524165	"l"	"present"	"verified"	350	16635.11	50	1000	1	2376.44428571429	"Niskin bottle"	"phytoplankton"					
1	60	"AT"	1	"cells/l"	"Scrippsiella"	"sp."	2017	"GlacierFront2017"	"CpN2"	"PHT-028"	"species"	"Occurrence"	790.266508313539	1	0.0012653959005981925	"l"	"present"	"verified"	421	16635.11	50	1000	1	39.513325415677	"Niskin bottle"	"phytoplankton"					
1	60	"AT"	1	"cells/l"	"Teleaulax"	"sp."	2017	"GlacierFront2017"	"CpN2"	"PHT-028"	"species"	"Occurrence"	3951.3325415677	5	0.0012653959005981925	"l"	"present"	"verified"	421	16635.11	50	1000	1	197.566627078385	"Niskin bottle"	"phytoplankton"					
1	60	"AT"	1	"cells/l"	"Telonema"	"sp."	2017	"GlacierFront2017"	"CpN2"	"PHT-028"	"species"	"Occurrence"	1580.53301662708	2	0.0012653959005981925	"l"	"present"	"verified"	421	16635.11	50	1000	1	79.0266508313539	"Niskin bottle"	"phytoplankton"					
1	60	"AT"	1	"cells/l"	"Tintinnopsis"	"sp."	2017	"GlacierFront2017"	"CpN2"	"PHT-028"	"species"	"Occurrence"	790.266508313539	1	0.0012653959005981925	"l"	"present"	"verified"	421	16635.11	50	1000	1	39.513325415677	"Niskin bottle"	"phytoplankton"		"aglutinating"			
10	60	"AT"	10	"cells/l"	"Chrysophyceae"	"indet."	2017	"GlacierFront2017"	"KpS5"	"PHT-001"		"Occurrence"	2552.70230179028	3	0.001175225171339414	"l"	"present"	"verified"	391	16635.11	50	1000	1	127.635115089514	"Niskin bottle"	"phytoplankton"	"Chrysophycean"		"cyst"		
10	60	"AT"	10	"cells/l"	"Conticriba"	"sp. cf. C. weissflogii"	2017	"GlacierFront2017"	"KpS5"	"PHT-001"	"species"	"Occurrence"	850.900767263427	1	0.001175225171339414	"l"	"present"	"verified"	391	16635.11	50	1000	1	42.5450383631714	"Niskin bottle"	"phytoplankton"	"Contricibra"				
10	60	"AT"	10	"cells/l"	"Cryptomonas"	"sp."	2017	"GlacierFront2017"	"KpS5"	"PHT-001"	"species"	"Occurrence"	850.900767263427	1	0.001175225171339414	"l"	"present"	"verified"	391	16635.11	50	1000	1	42.5450383631714	"Niskin bottle"	"phytoplankton"					
10	60	"AT"	10	"cells/l"	"Dinophyceae"	"indet."	2017	"GlacierFront2017"	"KpS5"	"PHT-001"		"Occurrence"	3403.60306905371	4	0.001175225171339414	"l"	"present"	"verified"	391	16635.11	50	1000	1	170.180153452685	"Niskin bottle"	"phytoplankton"	"Dinophycean"	"20-30um"	"cyst"		
10	60	"AT"	10	"cells/l"	"Eutreptiella"	"sp."	2017	"GlacierFront2017"	"KpS5"	"PHT-001"	"species"	"Occurrence"	13614.4122762148	16	0.001175225171339414	"l"	"present"	"verified"	391	16635.11	50	1000	1	680.720613810742	"Niskin bottle"	"phytoplankton"					
10	60	"AT"	10	"cells/l"	"Eukaryota incertae sedis"	"indet."	2017	"GlacierFront2017"	"KpS5"	"PHT-001"		"Occurrence"	850.900767263427	1	0.001175225171339414	"l"	"present"	"verified"	391	16635.11	50	1000	1	42.5450383631714	"Niskin bottle"	"phytoplankton"	"Flagellates"				
10	60	"AT"	10	"cells/l"	"Gonyaulax gracilis"		2017	"GlacierFront2017"	"KpS5"	"PHT-001"		"Occurrence"	850.900767263427	1	0.001175225171339414	"l"	"present"	"verified"	391	16635.11	50	1000	1	42.5450383631714	"Niskin bottle"	"phytoplankton"					
10	60	"AT"	10	"cells/l"	"Gymnodinium simplex"		2017	"GlacierFront2017"	"KpS5"	"PHT-001"		"Occurrence"	1701.80153452685	2	0.001175225171339414	"l"	"present"	"verified"	391	16635.11	50	1000	1	85.0900767263427	"Niskin bottle"	"phytoplankton"					
10	60	"AT"	10	"cells/l"	"Gymnodinium"	"sp."	2017	"GlacierFront2017"	"KpS5"	"PHT-001"	"species"	"Occurrence"	4254.50383631714	5	0.001175225171339414	"l"	"present"	"verified"	391	16635.11	50	1000	1	212.725191815857	"Niskin bottle"	"phytoplankton"	"Gymnodinium sp. 10-20um"				
10	60	"AT"	10	"cells/l"	"Leucocryptos marina"		2017	"GlacierFront2017"	"KpS5"	"PHT-001"		"Occurrence"	850.900767263427	1	0.001175225171339414	"l"	"present"	"verified"	391	16635.11	50	1000	1	42.5450383631714	"Niskin bottle"	"phytoplankton"					
10	60	"AT"	10	"cells/l"	"Lohmanniella oviformis"		2017	"GlacierFront2017"	"KpS5"	"PHT-001"		"Occurrence"	850.900767263427	1	0.001175225171339414	"l"	"present"	"verified"	391	16635.11	50	1000	1	42.5450383631714	"Niskin bottle"	"phytoplankton"					
10	60	"AT"	10	"cells/l"	"Olisthodiscus"	"sp."	2017	"GlacierFront2017"	"KpS5"	"PHT-001"	"species"	"Occurrence"	2552.70230179028	3	0.001175225171339414	"l"	"present"	"verified"	391	16635.11	50	1000	1	127.635115089514	"Niskin bottle"	"phytoplankton"					
10	60	"AT"	10	"cells/l"	"Pyramimonas"	"sp."	2017	"GlacierFront2017"	"KpS5"	"PHT-001"	"species"	"Occurrence"	15316.2138107417	18	0.001175225171339414	"l"	"present"	"verified"	391	16635.11	50	1000	1	765.810690537084	"Niskin bottle"	"phytoplankton"					
10	60	"AT"	10	"cells/l"	"Synedropsis"	"sp."	2017	"GlacierFront2017"	"KpS5"	"PHT-001"	"species"	"Occurrence"	850.900767263427	1	0.001175225171339414	"l"	"present"	"verified"	391	16635.11	50	1000	1	42.5450383631714	"Niskin bottle"	"phytoplankton"					
10	60	"AT"	10	"cells/l"	"Telonema"	"sp."	2017	"GlacierFront2017"	"KpS5"	"PHT-001"	"species"	"Occurrence"	850.900767263427	1	0.001175225171339414	"l"	"present"	"verified"	391	16635.11	50	1000	1	42.5450383631714	"Niskin bottle"	"phytoplankton"					
10	60	"AT"	10	"cells/l"	"Eutreptiella"	"sp."	2017	"GlacierFront2017"	"KpM5"	"PHT-003"	"species"	"Occurrence"	8422.84050632912	2	0.0002374495870481169	"l"	"present"	"verified"	395	16635.11	10	1000	1	84.2284050632911	"Niskin bottle"	"phytoplankton"					
10	60	"AT"	10	"cells/l"	"Gyrodinium fusiforme"		2017	"GlacierFront2017"	"KpM5"	"PHT-003"		"Occurrence"	4211.42025316456	1	0.0002374495870481169	"l"	"present"	"verified"	395	16635.11	10	1000	1	42.1142025316456	"Niskin bottle"	"phytoplankton"					
	60	"AT"		"cells/l"	"Chrysophyceae"	"indet."	2017	"GlacierFront2017"	"KpN3"	"PHT-009"		"Occurrence"	4158.7775	1	0.0002404552780234095	"l"	"present"	"verified"	400	16635.11	10	1000	1	41.587775	"Niskin bottle"	"phytoplankton"	"Chrysophycean"		"cyst"		
	60	"AT"		"cells/l"	"Cryptomonas"	"sp."	2017	"GlacierFront2017"	"KpN3"	"PHT-009"	"species"	"Occurrence"	4158.7775	1	0.0002404552780234095	"l"	"present"	"verified"	400	16635.11	10	1000	1	41.587775	"Niskin bottle"	"phytoplankton"					
	60	"AT"		"cells/l"	"Eutreptiella"	"sp."	2017	"GlacierFront2017"	"KpN3"	"PHT-009"	"species"	"Occurrence"	4158.7775	1	0.0002404552780234095	"l"	"present"	"verified"	400	16635.11	10	1000	1	41.587775	"Niskin bottle"	"phytoplankton"					
	60	"AT"		"cells/l"	"Ciliophora"	"indet."	2017	"GlacierFront2017"	"KpN3"	"PHT-009"		"Occurrence"	4158.7775	1	0.0002404552780234095	"l"	"present"	"verified"	400	16635.11	10	1000	1	41.587775	"Niskin bottle"	"phytoplankton"	"Ciliophora indet. cyst"	"„ogórek”"	"cyst"		
	60	"AT"		"cells/l"	"Emiliania huxleyi"		2017	"GlacierFront2017"	"KpN3"	"PHT-009"		"Occurrence"	4158.7775	1	0.0002404552780234095	"l"	"present"	"verified"	400	16635.11	10	1000	1	41.587775	"Niskin bottle"	"phytoplankton"					
	60	"AT"		"cells/l"	"Pyramimonas"	"sp."	2017	"GlacierFront2017"	"KpN2"	"PHT-010"	"species"	"Occurrence"	4265.41282051282	1	0.0002344438960728243	"l"	"present"	"verified"	390	16635.11	10	1000	1	42.6541282051282	"Niskin bottle"	"phytoplankton"					
	60	"AT"		"cells/l"	"Eukaryota incertae sedis"	"indet."	2017	"GlacierFront2017"	"KpN2"	"PHT-010"		"Occurrence"	4265.41282051282	1	0.0002344438960728243	"l"	"present"	"verified"	390	16635.11	10	1000	1	42.6541282051282	"Niskin bottle"	"phytoplankton"	"Flagellates"				
	60	"AT"		"cells/l"	"Commation"	"sp."	2017	"GlacierFront2017"	"KpN2"	"PHT-010"	"species"	"Occurrence"	4265.41282051282	1	0.0002344438960728243	"l"	"present"	"verified"	390	16635.11	10	1000	1	42.6541282051282	"Niskin bottle"	"phytoplankton"					
10	60	"AT"	10	"cells/l"	"Eutreptiella"	"sp."	2017	"GlacierFront2017"	"KpN1"	"PHT-014"	"species"	"Occurrence"	16593.6259351621	4	0.00024105641621846805	"l"	"present"	"verified"	401	16635.11	10	1000	1	165.936259351621	"Niskin bottle"	"phytoplankton"					
10	60	"AT"	10	"cells/l"	"Pyramimonas"	"sp."	2017	"GlacierFront2017"	"KpN1"	"PHT-014"	"species"	"Occurrence"	12445.2194513716	3	0.00024105641621846805	"l"	"present"	"verified"	401	16635.11	10	1000	1	124.452194513716	"Niskin bottle"	"phytoplankton"					
10	60	"AT"	10	"cells/l"	"Prorocentrum cordatum"		2017	"GlacierFront2017"	"KpN1"	"PHT-014"		"Occurrence"	4148.40648379052	1	0.00024105641621846805	"l"	"present"	"verified"	401	16635.11	10	1000	1	41.4840648379052	"Niskin bottle"	"phytoplankton"					
10	60	"AT"	10	"cells/l"	"Gymnodinium"	"sp."	2017	"GlacierFront2017"	"KpN1"	"PHT-014"	"species"	"Occurrence"	4148.40648379052	1	0.00024105641621846805	"l"	"present"	"verified"	401	16635.11	10	1000	1	41.4840648379052	"Niskin bottle"	"phytoplankton"	"Gymnodinium sp. 10-20um"				
10	60	"AT"	10	"cells/l"	"Gymnodinium wulffii"		2017	"GlacierFront2017"	"KpN1"	"PHT-014"		"Occurrence"	4148.40648379052	1	0.00024105641621846805	"l"	"present"	"verified"	401	16635.11	10	1000	1	41.4840648379052	"Niskin bottle"	"phytoplankton"					
1	60	"AT"	1	"cells/l"	"Eutreptiella"	"sp."	2017	"GlacierFront2017"	"CpN3"	"PHT-029"	"species"	"Occurrence"	602721.376811594	50	0.00008295707091807629	"l"	"present"	"verified"	138	16635.11	10	1000	1	6027.21376811594	"Niskin bottle"	"phytoplankton"					
1	60	"AT"	1	"cells/l"	"Pyramimonas"	"sp."	2017	"GlacierFront2017"	"CpN3"	"PHT-029"	"species"	"Occurrence"	46919.541025641	11	0.0002344438960728243	"l"	"present"	"verified"	390	16635.11	10	1000	1	469.19541025641	"Niskin bottle"	"phytoplankton"					
1	60	"AT"	1	"cells/l"	"Prorocentrum cordatum"		2017	"GlacierFront2017"	"CpN3"	"PHT-029"		"Occurrence"	8530.82564102564	2	0.0002344438960728243	"l"	"present"	"verified"	390	16635.11	10	1000	1	85.3082564102564	"Niskin bottle"	"phytoplankton"					
1	60	"AT"	1	"cells/l"	"Gymnodinium"	"sp."	2017	"GlacierFront2017"	"CpN3"	"PHT-029"	"species"	"Occurrence"	8530.82564102564	2	0.0002344438960728243	"l"	"present"	"verified"	390	16635.11	10	1000	1	85.3082564102564	"Niskin bottle"	"phytoplankton"	"Gymnodinium sp. 10-20um"				
1	60	"AT"	1	"cells/l"	"Eukaryota incertae sedis"	"indet."	2017	"GlacierFront2017"	"CpN3"	"PHT-029"		"Occurrence"	4265.41282051282	1	0.0002344438960728243	"l"	"present"	"verified"	390	16635.11	10	1000	1	42.6541282051282	"Niskin bottle"	"phytoplankton"	"Flagellates"				
1	60	"AT"	1	"cells/l"	"Leucocryptos marina"		2017	"GlacierFront2017"	"CpN3"	"PHT-029"		"Occurrence"	12796.2384615385	3	0.0002344438960728243	"l"	"present"	"verified"	390	16635.11	10	1000	1	127.962384615385	"Niskin bottle"	"phytoplankton"					
1	60	"AT"	1	"cells/l"	"Gyrodinium fusiforme"		2017	"GlacierFront2017"	"CpN3"	"PHT-029"		"Occurrence"	4265.41282051282	1	0.0002344438960728243	"l"	"present"	"verified"	390	16635.11	10	1000	1	42.6541282051282	"Niskin bottle"	"phytoplankton"					
1	60	"AT"	1	"cells/l"	"Oxyrrhis"	"sp."	2017	"GlacierFront2017"	"CpN3"	"PHT-029"	"species"	"Occurrence"	8530.82564102564	2	0.0002344438960728243	"l"	"present"	"verified"	390	16635.11	10	1000	1	85.3082564102564	"Niskin bottle"	"phytoplankton"					
1	60	"AT"	1	"cells/l"	"Gymnodinium simplex"		2017	"GlacierFront2017"	"CpN3"	"PHT-029"		"Occurrence"	8530.82564102564	2	0.0002344438960728243	"l"	"present"	"verified"	390	16635.11	10	1000	1	85.3082564102564	"Niskin bottle"	"phytoplankton"					
1	60	"AT"	1	"cells/l"	"Eukaryota incertae sedis"	"indet."	2017	"GlacierFront2017"	"CpN3"	"PHT-029"		"Occurrence"	8530.82564102564	2	0.0002344438960728243	"l"	"present"	"verified"	390	16635.11	10	1000	1	85.3082564102564	"Niskin bottle"	"phytoplankton"	"Flagellates"				
1	60	"AT"	1	"cells/l"	"Katodinium glaucum"		2017	"GlacierFront2017"	"CpN3"	"PHT-029"		"Occurrence"	4265.41282051282	1	0.0002344438960728243	"l"	"present"	"verified"	390	16635.11	10	1000	1	42.6541282051282	"Niskin bottle"	"phytoplankton"					
1	60	"AT"	1	"cells/l"	"Telonema"	"sp."	2017	"GlacierFront2017"	"CpN3"	"PHT-029"	"species"	"Occurrence"	4265.41282051282	1	0.0002344438960728243	"l"	"present"	"verified"	390	16635.11	10	1000	1	42.6541282051282	"Niskin bottle"	"phytoplankton"					
1	60	"AT"	1	"cells/l"	"Pyramimonas"	"sp."	2017	"GlacierFront2017"	"CpN4"	"PHT-030"	"species"	"Occurrence"	16362.4032786885	12	0.0007333885979713991	"l"	"present"	"verified"	244	16635.11	50	1000	1	818.120163934426	"Niskin bottle"	"phytoplankton"					
1	60	"AT"	1	"cells/l"	"Eutreptiella"	"sp."	2017	"GlacierFront2017"	"CpN4"	"PHT-030"	"species"	"Occurrence"	202867.195121951	50	0.00024646665997399476	"l"	"present"	"verified"	82	16635.11	50	1000	1	10143.3597560976	"Niskin bottle"	"phytoplankton"					
1	60	"AT"	1	"cells/l"	"Teleaulax"	"sp."	2017	"GlacierFront2017"	"CpN4"	"PHT-030"	"species"	"Occurrence"	1363.53360655738	1	0.0007333885979713991	"l"	"present"	"verified"	244	16635.11	50	1000	1	68.1766803278689	"Niskin bottle"	"phytoplankton"					
1	60	"AT"	1	"cells/l"	"Telonema"	"sp."	2017	"GlacierFront2017"	"CpN4"	"PHT-030"	"species"	"Occurrence"	1363.53360655738	1	0.0007333885979713991	"l"	"present"	"verified"	244	16635.11	50	1000	1	68.1766803278689	"Niskin bottle"	"phytoplankton"					
1	60	"AT"	1	"cells/l"	"Dinophyceae"	"indet."	2017	"GlacierFront2017"	"CpN4"	"PHT-030"		"Occurrence"	1363.53360655738	1	0.0007333885979713991	"l"	"present"	"verified"	244	16635.11	50	1000	1	68.1766803278689	"Niskin bottle"	"phytoplankton"	"Dinophycean"		"cyst"		
1	60	"AT"	1	"cells/l"	"Gymnodinium simplex"		2017	"GlacierFront2017"	"CpN4"	"PHT-030"		"Occurrence"	1363.53360655738	1	0.0007333885979713991	"l"	"present"	"verified"	244	16635.11	50	1000	1	68.1766803278689	"Niskin bottle"	"phytoplankton"					
1	60	"AT"	1	"cells/l"	"Gymnodinium"	"sp."	2017	"GlacierFront2017"	"CpN4"	"PHT-030"	"species"	"Occurrence"	1363.53360655738	1	0.0007333885979713991	"l"	"present"	"verified"	244	16635.11	50	1000	1	68.1766803278689	"Niskin bottle"	"phytoplankton"	"Gymnodinium sp. 10-20um"				
10	60	"AT"	10	"cells/l"	"Gymnodinium"	"sp."	2017	"GlacierFront2017"	"KpN4"	"PHT-004"	"species"	"Occurrence"	4117.60148514851	1	0.00024285983080364363	"l"	"present"	"verified"	404	16635.11	10	1000	1	41.1760148514852	"Niskin bottle"	"phytoplankton"	"Gymnodinium sp. 10-20um"				
10	60	"AT"	10	"cells/l"	"Pyramimonas"	"sp."	2017	"GlacierFront2017"	"KpN4"	"PHT-004"	"species"	"Occurrence"	20588.0074257426	5	0.00024285983080364363	"l"	"present"	"verified"	404	16635.11	10	1000	1	205.880074257426	"Niskin bottle"	"phytoplankton"					
10	60	"AT"	10	"cells/l"	"Eutreptiella"	"sp."	2017	"GlacierFront2017"	"KpN4"	"PHT-004"	"species"	"Occurrence"	49411.2178217822	12	0.00024285983080364363	"l"	"present"	"verified"	404	16635.11	10	1000	1	494.112178217822	"Niskin bottle"	"phytoplankton"					
10	60	"AT"	10	"cells/l"	"Teleaulax"	"sp."	2017	"GlacierFront2017"	"KpN4"	"PHT-004"	"species"	"Occurrence"	4117.60148514851	1	0.00024285983080364363	"l"	"present"	"verified"	404	16635.11	10	1000	1	41.1760148514852	"Niskin bottle"	"phytoplankton"					
10	60	"AT"	10	"cells/l"	"Olisthodiscus"	"sp."	2017	"GlacierFront2017"	"KpN4"	"PHT-004"	"species"	"Occurrence"	4117.60148514851	1	0.00024285983080364363	"l"	"present"	"verified"	404	16635.11	10	1000	1	41.1760148514852	"Niskin bottle"	"phytoplankton"					
10	60	"AT"	10	"cells/l"	"Prorocentrum cordatum"		2017	"GlacierFront2017"	"KpN4"	"PHT-004"		"Occurrence"	4117.60148514851	1	0.00024285983080364363	"l"	"present"	"verified"	404	16635.11	10	1000	1	41.1760148514852	"Niskin bottle"	"phytoplankton"					
10	60	"AT"	10	"cells/l"	"Ciliophora"	"indet."	2017	"GlacierFront2017"	"KpN4"	"PHT-004"		"Occurrence"	4117.60148514851	1	0.00024285983080364363	"l"	"present"	"verified"	404	16635.11	10	1000	1	41.1760148514852	"Niskin bottle"	"phytoplankton"	"Ciliophora indet. cyst"		"cyst"		
10	60	"AT"	10	"cells/l"	"Pyramimonas"	"sp."	2017	"GlacierFront2017"	"Kc7"	"PHT-015"	"species"	"Occurrence"	2546.19030612245	3	0.0011782308623147066	"l"	"present"	"verified"	392	16635.11	50	1000	1	127.309515306122	"Niskin bottle"	"phytoplankton"					
10	60	"AT"	10	"cells/l"	"Gymnodinium"	"sp."	2017	"GlacierFront2017"	"Kc7"	"PHT-015"	"species"	"Occurrence"	3394.92040816327	4	0.0011782308623147066	"l"	"present"	"verified"	392	16635.11	50	1000	1	169.746020408163	"Niskin bottle"	"phytoplankton"	"Gymnodinium sp. 10-20um"				
10	60	"AT"	10	"cells/l"	"Leucocryptos marina"		2017	"GlacierFront2017"	"Kc7"	"PHT-015"		"Occurrence"	848.730102040816	1	0.0011782308623147066	"l"	"present"	"verified"	392	16635.11	50	1000	1	42.4365051020408	"Niskin bottle"	"phytoplankton"					
10	60	"AT"	10	"cells/l"	"Eutreptiella"	"sp."	2017	"GlacierFront2017"	"Kc7"	"PHT-015"	"species"	"Occurrence"	2546.19030612245	3	0.0011782308623147066	"l"	"present"	"verified"	392	16635.11	50	1000	1	127.309515306122	"Niskin bottle"	"phytoplankton"					
10	60	"AT"	10	"cells/l"	"Chrysophyceae"	"indet."	2017	"GlacierFront2017"	"Kc6"	"PHT-016"		"Occurrence"	815.446568627451	1	0.0012263219179193886	"l"	"present"	"verified"	408	16635.11	50	1000	1	40.7723284313725	"Niskin bottle"	"phytoplankton"	"Chrysophycean"		"cyst"		
10	60	"AT"	10	"cells/l"	"Gymnodinium"	"sp."	2017	"GlacierFront2017"	"Kc6"	"PHT-016"	"species"	"Occurrence"	2446.33970588235	3	0.0012263219179193886	"l"	"present"	"verified"	408	16635.11	50	1000	1	122.316985294118	"Niskin bottle"	"phytoplankton"	"Gymnodinium sp. 10-20um"				
10	60	"AT"	10	"cells/l"	"Lohmanniella oviformis"		2017	"GlacierFront2017"	"Kc6"	"PHT-016"		"Occurrence"	815.446568627451	1	0.0012263219179193886	"l"	"present"	"verified"	408	16635.11	50	1000	1	40.7723284313725	"Niskin bottle"	"phytoplankton"					
10	60	"AT"	10	"cells/l"	"Pyramimonas"	"sp."	2017	"GlacierFront2017"	"Kc6"	"PHT-016"	"species"	"Occurrence"	7339.01911764706	9	0.0012263219179193886	"l"	"present"	"verified"	408	16635.11	50	1000	1	366.950955882353	"Niskin bottle"	"phytoplankton"					
10	60	"AT"	10	"cells/l"	"Dinophyceae"	"indet."	2017	"GlacierFront2017"	"Kc6"	"PHT-016"		"Occurrence"	1630.8931372549	2	0.0012263219179193886	"l"	"present"	"verified"	408	16635.11	50	1000	1	81.5446568627451	"Niskin bottle"	"phytoplankton"	"Dinophycean"	"„złote”"	"cyst"		
10	60	"AT"	10	"cells/l"	"Eutreptiella"	"sp."	2017	"GlacierFront2017"	"Kc6"	"PHT-016"	"species"	"Occurrence"	2446.33970588235	3	0.0012263219179193886	"l"	"present"	"verified"	408	16635.11	50	1000	1	122.316985294118	"Niskin bottle"	"phytoplankton"					
10	60	"AT"	10	"cells/l"	"Pyramimonas"	"sp."	2017	"GlacierFront2017"	"Kc5"	"PHT-017"	"species"	"Occurrence"	3272.48065573771	3	0.0009167357474642488	"l"	"present"	"verified"	305	16635.11	50	1000	1	163.624032786885	"Niskin bottle"	"phytoplankton"					
10	60	"AT"	10	"cells/l"	"Eutreptiella"	"sp."	2017	"GlacierFront2017"	"Kc5"	"PHT-017"	"species"	"Occurrence"	7635.78819672131	7	0.0009167357474642488	"l"	"present"	"verified"	305	16635.11	50	1000	1	381.789409836066	"Niskin bottle"	"phytoplankton"					
10	60	"AT"	10	"cells/l"	"Gymnodinium"	"sp."	2017	"GlacierFront2017"	"Kc5"	"PHT-017"	"species"	"Occurrence"	1090.8268852459	1	0.0009167357474642488	"l"	"present"	"verified"	305	16635.11	50	1000	1	54.5413442622951	"Niskin bottle"	"phytoplankton"	"Gymnodinium sp. 10-20um"				
10	60	"AT"	10	"cells/l"	"Ciliophora"	"indet."	2017	"GlacierFront2017"	"Kc5"	"PHT-017"		"Occurrence"	1090.8268852459	1	0.0009167357474642488	"l"	"present"	"verified"	305	16635.11	50	1000	1	54.5413442622951	"Niskin bottle"	"phytoplankton"	"Ciliophora indet. 10-20um"				
10	60	"AT"	10	"cells/l"	"Pyramimonas"	"sp."	2017	"GlacierFront2017"	"Kb5"	"PHT-018"	"species"	"Occurrence"	3272.48065573771	3	0.0009167357474642488	"l"	"present"	"verified"	305	16635.11	50	1000	1	163.624032786885	"Niskin bottle"	"phytoplankton"					
10	60	"AT"	10	"cells/l"	"Uronema marinum"		2017	"GlacierFront2017"	"Kb5"	"PHT-018"		"Occurrence"	1090.8268852459	1	0.0009167357474642488	"l"	"present"	"verified"	305	16635.11	50	1000	1	54.5413442622951	"Niskin bottle"	"phytoplankton"	"Uronema marina"				
10	60	"AT"	10	"cells/l"	"Eukaryota incertae sedis"		2017	"GlacierFront2017"	"Kb5"	"PHT-018"		"Occurrence"	1090.8268852459	1	0.0009167357474642488	"l"	"present"	"verified"	305	16635.11	50	1000	1	54.5413442622951	"Niskin bottle"	"phytoplankton"				"aff. Telonema sp. undefined"	
10	60	"AT"	10	"cells/l"	"Chrysophyceae"	"indet."	2017	"GlacierFront2017"	"Kb5"	"PHT-018"		"Occurrence"	1090.8268852459	1	0.0009167357474642488	"l"	"present"	"verified"	305	16635.11	50	1000	1	54.5413442622951	"Niskin bottle"	"phytoplankton"	"Chrysophycean"		"cyst"		
10	60	"AT"	10	"cells/l"	"Leucocryptos marina"		2017	"GlacierFront2017"	"Kb5"	"PHT-018"		"Occurrence"	1090.8268852459	1	0.0009167357474642488	"l"	"present"	"verified"	305	16635.11	50	1000	1	54.5413442622951	"Niskin bottle"	"phytoplankton"					
10	60	"AT"	10	"cells/l"	"Eutreptiella"	"sp."	2017	"GlacierFront2017"	"Kb5"	"PHT-018"	"species"	"Occurrence"	1090.8268852459	1	0.0009167357474642488	"l"	"present"	"verified"	305	16635.11	50	1000	1	54.5413442622951	"Niskin bottle"	"phytoplankton"					
10	60	"AT"	10	"cells/l"	"Eukaryota incertae sedis"	"indet."	2017	"GlacierFront2017"	"Kc3"	"PHT-019"		"Occurrence"	894.360752688172	1	0.0011181170428088542	"l"	"present"	"verified"	372	16635.11	50	1000	1	44.7180376344086	"Niskin bottle"	"phytoplankton"	"Flagellates"				
10	60	"AT"	10	"cells/l"	"Prorocentrum cordatum"		2017	"GlacierFront2017"	"Kc3"	"PHT-019"		"Occurrence"	1788.72150537634	2	0.0011181170428088542	"l"	"present"	"verified"	372	16635.11	50	1000	1	89.4360752688172	"Niskin bottle"	"phytoplankton"					
10	60	"AT"	10	"cells/l"	"Eutreptiella"	"sp."	2017	"GlacierFront2017"	"Kc3"	"PHT-019"	"species"	"Occurrence"	2683.08225806452	3	0.0011181170428088542	"l"	"present"	"verified"	372	16635.11	50	1000	1	134.154112903226	"Niskin bottle"	"phytoplankton"					
10	60	"AT"	10	"cells/l"	"Gymnodinium"	"sp."	2017	"GlacierFront2017"	"Kc3"	"PHT-019"	"species"	"Occurrence"	894.360752688172	1	0.0011181170428088542	"l"	"present"	"verified"	372	16635.11	50	1000	1	44.7180376344086	"Niskin bottle"	"phytoplankton"	"Gymnodinium sp. 10-20um"				
10	60	"AT"	10	"cells/l"	"Commation"	"sp."	2017	"GlacierFront2017"	"Kc3"	"PHT-019"	"species"	"Occurrence"	894.360752688172	1	0.0011181170428088542	"l"	"present"	"verified"	372	16635.11	50	1000	1	44.7180376344086	"Niskin bottle"	"phytoplankton"					
10	60	"AT"	10	"cells/l"	"Leucocryptos marina"		2017	"GlacierFront2017"	"Kc3"	"PHT-019"		"Occurrence"	894.360752688172	1	0.0011181170428088542	"l"	"present"	"verified"	372	16635.11	50	1000	1	44.7180376344086	"Niskin bottle"	"phytoplankton"					
10	60	"AT"	10	"cells/l"	"Alexandrium"	"sp."	2017	"GlacierFront2017"	"Kc3"	"PHT-019"	"species"	"Occurrence"	894.360752688172	1	0.0011181170428088542	"l"	"present"	"verified"	372	16635.11	50	1000	1	44.7180376344086	"Niskin bottle"	"phytoplankton"					
10	60	"AT"	10	"cells/l"	"Gymnodinium"	"sp. cf. G. gracilentum"	2017	"GlacierFront2017"	"Kc3"	"PHT-019"	"species"	"Occurrence"	894.360752688172	1	0.0011181170428088542	"l"	"present"	"verified"	372	16635.11	50	1000	1	44.7180376344086	"Niskin bottle"	"phytoplankton"					
10	60	"AT"	10	"cells/l"	"Scrippsiella"	"sp."	2017	"GlacierFront2017"	"Kc3"	"PHT-019"	"species"	"Occurrence"	894.360752688172	1	0.0011181170428088542	"l"	"present"	"verified"	372	16635.11	50	1000	1	44.7180376344086	"Niskin bottle"	"phytoplankton"					
10	60	"AT"	10	"cells/l"	"Pyramimonas"	"sp."	2017	"GlacierFront2017"	"Kc3"	"PHT-019"	"species"	"Occurrence"	2683.08225806452	3	0.0011181170428088542	"l"	"present"	"verified"	372	16635.11	50	1000	1	134.154112903226	"Niskin bottle"	"phytoplankton"					
10	60	"AT"	10	"cells/l"	"Lohmanniella oviformis"		2017	"GlacierFront2017"	"Kc3"	"PHT-019"		"Occurrence"	894.360752688172	1	0.0011181170428088542	"l"	"present"	"verified"	372	16635.11	50	1000	1	44.7180376344086	"Niskin bottle"	"phytoplankton"					
10	60	"AT"	10	"cells/l"	"Teleaulax"	"sp."	2017	"GlacierFront2017"	"Kc3"	"PHT-019"	"species"	"Occurrence"	894.360752688172	1	0.0011181170428088542	"l"	"present"	"verified"	372	16635.11	50	1000	1	44.7180376344086	"Niskin bottle"	"phytoplankton"					
10	60	"AT"	10	"cells/l"	"Pseudo-nitzschia"	"spp. delicatissima/pseudo-delicatissima"	2017	"GlacierFront2017"	"Kc2"	"PHT-021"	"species"	"Occurrence"	1014.33597560976	1	0.000985866639895979	"l"	"present"	"verified"	328	16635.11	50	1000	1	50.7167987804878	"Niskin bottle"	"phytoplankton"	"Pseudo-nitzschia delicatissima/ pseudo-delicatissima"				
10	60	"AT"	10	"cells/l"	"Gymnodinium galeatum"		2017	"GlacierFront2017"	"Kc2"	"PHT-021"		"Occurrence"			0.05	"l"	"present"	"incalculable"		16635.11	50	1000	1		"Niskin bottle"						
10	60	"AT"	10	"cells/l"	"Pyramimonas"	"sp."	2017	"GlacierFront2017"	"Kc2"	"PHT-021"	"species"	"Occurrence"	4057.34390243902	4	0.000985866639895979	"l"	"present"	"verified"	328	16635.11	50	1000	1	202.867195121951	"Niskin bottle"	"phytoplankton"					
10	60	"AT"	10	"cells/l"	"Gymnodinium"	"sp."	2017	"GlacierFront2017"	"Kc2"	"PHT-021"	"species"	"Occurrence"	4057.34390243902	4	0.000985866639895979	"l"	"present"	"verified"	328	16635.11	50	1000	1	202.867195121951	"Niskin bottle"	"phytoplankton"	"Gymnodinium sp. 10-20um"				
10	60	"AT"	10	"cells/l"	"Prorocentrum cordatum"		2017	"GlacierFront2017"	"Kc2"	"PHT-021"		"Occurrence"	3043.00792682927	3	0.000985866639895979	"l"	"present"	"verified"	328	16635.11	50	1000	1	152.150396341463	"Niskin bottle"	"phytoplankton"					
10	60	"AT"	10	"cells/l"	"Olisthodiscus"	"sp."	2017	"GlacierFront2017"	"Kc2"	"PHT-021"	"species"	"Occurrence"	1014.33597560976	1	0.000985866639895979	"l"	"present"	"verified"	328	16635.11	50	1000	1	50.7167987804878	"Niskin bottle"	"phytoplankton"					
10	60	"AT"	10	"cells/l"	"Eukaryota incertae sedis"	"indet."	2017	"GlacierFront2017"	"Kc2"	"PHT-021"		"Occurrence"	1014.33597560976	1	0.000985866639895979	"l"	"present"	"verified"	328	16635.11	50	1000	1	50.7167987804878	"Niskin bottle"	"phytoplankton"	"Flagellates"				
10	60	"AT"	10	"cells/l"	"Leucocryptos marina"		2017	"GlacierFront2017"	"Kc2"	"PHT-021"		"Occurrence"	1014.33597560976	1	0.000985866639895979	"l"	"present"	"verified"	328	16635.11	50	1000	1	50.7167987804878	"Niskin bottle"	"phytoplankton"					
10	60	"AT"	10	"cells/l"	"Eutreptiella"	"sp."	2017	"GlacierFront2017"	"Kc2"	"PHT-021"	"species"	"Occurrence"	3043.00792682927	3	0.000985866639895979	"l"	"present"	"verified"	328	16635.11	50	1000	1	152.150396341463	"Niskin bottle"	"phytoplankton"					
10	60	"AT"	10	"cells/l"	"Mesodinium rubrum"		2017	"GlacierFront2017"	"Kc2"	"PHT-021"		"Occurrence"	1014.33597560976	1	0.000985866639895979	"l"	"present"	"verified"	328	16635.11	50	1000	1	50.7167987804878	"Niskin bottle"	"phytoplankton"					
10	60	"AT"	10	"cells/l"	"Thalassiosira"	"sp."	2017	"GlacierFront2017"	"Kc1"	"PHT-022"	"species"	"Occurrence"	1039.694375	1	0.000961821112093638	"l"	"present"	"verified"	320	16635.11	50	1000	1	51.98471875	"Niskin bottle"	"phytoplankton"					
10	60	"AT"	10	"cells/l"	"Chrysophyceae"	"indet."	2017	"GlacierFront2017"	"Kc1"	"PHT-022"		"Occurrence"	2079.38875	2	0.000961821112093638	"l"	"present"	"verified"	320	16635.11	50	1000	1	103.9694375	"Niskin bottle"	"phytoplankton"	"Chrysophycean"		"cyst"		
10	60	"AT"	10	"cells/l"	"Eukaryota incertae sedis"	"indet."	2017	"GlacierFront2017"	"Kc1"	"PHT-022"		"Occurrence"	2079.38875	2	0.000961821112093638	"l"	"present"	"verified"	320	16635.11	50	1000	1	103.9694375	"Niskin bottle"	"phytoplankton"	"Flagellates"				
10	60	"AT"	10	"cells/l"	"Prorocentrum cordatum"		2017	"GlacierFront2017"	"Kc1"	"PHT-022"		"Occurrence"	1039.694375	1	0.000961821112093638	"l"	"present"	"verified"	320	16635.11	50	1000	1	51.98471875	"Niskin bottle"	"phytoplankton"					
10	60	"AT"	10	"cells/l"	"Gymnodinium"	"sp."	2017	"GlacierFront2017"	"Kc1"	"PHT-022"	"species"	"Occurrence"	3119.083125	3	0.000961821112093638	"l"	"present"	"verified"	320	16635.11	50	1000	1	155.95415625	"Niskin bottle"	"phytoplankton"	"Gymnodinium sp. 10-20um"				
10	60	"AT"	10	"cells/l"	"Eutreptiella"	"sp."	2017	"GlacierFront2017"	"Kc1"	"PHT-022"	"species"	"Occurrence"	3119.083125	3	0.000961821112093638	"l"	"present"	"verified"	320	16635.11	50	1000	1	155.95415625	"Niskin bottle"	"phytoplankton"					
10	60	"AT"	10	"cells/l"	"Oxyrrhis"	"sp."	2017	"GlacierFront2017"	"Kc1"	"PHT-022"	"species"	"Occurrence"	1039.694375	1	0.000961821112093638	"l"	"present"	"verified"	320	16635.11	50	1000	1	51.98471875	"Niskin bottle"	"phytoplankton"					
10	60	"AT"	10	"cells/l"	"Lohmanniella oviformis"		2017	"GlacierFront2017"	"Kc1"	"PHT-022"		"Occurrence"	1039.694375	1	0.000961821112093638	"l"	"present"	"verified"	320	16635.11	50	1000	1	51.98471875	"Niskin bottle"	"phytoplankton"					
10	60	"AT"	10	"cells/l"	"Leucocryptos marina"		2017	"GlacierFront2017"	"Kc1"	"PHT-022"		"Occurrence"	3119.083125	3	0.000961821112093638	"l"	"present"	"verified"	320	16635.11	50	1000	1	155.95415625	"Niskin bottle"	"phytoplankton"					
10	60	"AT"	10	"cells/l"	"Gymnodinium"	"sp. cf. G. arcticum"	2017	"GlacierFront2017"	"Kc1"	"PHT-022"	"species"	"Occurrence"	1039.694375	1	0.000961821112093638	"l"	"present"	"verified"	320	16635.11	50	1000	1	51.98471875	"Niskin bottle"	"phytoplankton"					
10	60	"AT"	10	"cells/l"	"Teleaulax"	"sp."	2017	"GlacierFront2017"	"Kc1"	"PHT-022"	"species"	"Occurrence"	2079.38875	2	0.000961821112093638	"l"	"present"	"verified"	320	16635.11	50	1000	1	103.9694375	"Niskin bottle"	"phytoplankton"					
10	60	"AT"	10	"cells/l"	"Dinophyceae"	"indet."	2017	"GlacierFront2017"	"Kc1"	"PHT-022"		"Occurrence"	1039.694375	1	0.000961821112093638	"l"	"present"	"verified"	320	16635.11	50	1000	1	51.98471875	"Niskin bottle"	"phytoplankton"	"Dinophycean"	"„złote”"	"cyst"		
10	60	"AT"	10	"cells/l"	"Eutreptiella"	"sp."	2017	"GlacierFront2017"	"Cc5"	"PHT-023"	"species"	"Occurrence"	1109007.33333333	50	0.000045085364629389283	"l"	"present"	"verified"	15	16635.11	50	1000	1	55450.3666666667	"Niskin bottle"	"phytoplankton"					
10	60	"AT"	10	"cells/l"	"Heterocapsa rotundata"		2017	"GlacierFront2017"	"Cc5"	"PHT-023"		"Occurrence"	1062.94632587859	1	0.0009407812752665898	"l"	"present"	"verified"	313	16635.11	50	1000	1	53.1473162939297	"Niskin bottle"	"phytoplankton"					
10	60	"AT"	10	"cells/l"	"Pyramimonas"	"sp."	2017	"GlacierFront2017"	"Cc5"	"PHT-023"	"species"	"Occurrence"	20195.9801916933	19	0.0009407812752665898	"l"	"present"	"verified"	313	16635.11	50	1000	1	1009.79900958466	"Niskin bottle"	"phytoplankton"					
10	60	"AT"	10	"cells/l"	"Dinophyceae"	"indet."	2017	"GlacierFront2017"	"Cc5"	"PHT-023"		"Occurrence"	2125.89265175719	2	0.0009407812752665898	"l"	"present"	"verified"	313	16635.11	50	1000	1	106.294632587859	"Niskin bottle"	"phytoplankton"	"Dinophycean"	"„złote”"	"cyst"		
10	60	"AT"	10	"cells/l"	"Eutreptiella"	"sp."	2017	"GlacierFront2017"	"Cc4"	"PHT-024"	"species"	"Occurrence"	693129.583333333	50	0.00007213658340702285	"l"	"present"	"verified"	24	16635.11	50	1000	1	34656.4791666667	"Niskin bottle"	"phytoplankton"					
10	60	"AT"	10	"cells/l"	"Scrippsiella"	"sp."	2017	"GlacierFront2017"	"Cc4"	"PHT-024"	"species"	"Occurrence"	1101.66291390728	1	0.0009077186745383709	"l"	"present"	"verified"	302	16635.11	50	1000	1	55.0831456953642	"Niskin bottle"	"phytoplankton"					
10	60	"AT"	10	"cells/l"	"Gymnodinium"	"sp."	2017	"GlacierFront2017"	"Cc4"	"PHT-024"	"species"	"Occurrence"	3304.98874172185	3	0.0009077186745383709	"l"	"present"	"verified"	302	16635.11	50	1000	1	165.249437086093	"Niskin bottle"	"phytoplankton"	"Gymnodinium sp. 10-20um"				
10	60	"AT"	10	"cells/l"	"Prorocentrum cordatum"		2017	"GlacierFront2017"	"Cc4"	"PHT-024"		"Occurrence"	3304.98874172185	3	0.0009077186745383709	"l"	"present"	"verified"	302	16635.11	50	1000	1	165.249437086093	"Niskin bottle"	"phytoplankton"					
10	60	"AT"	10	"cells/l"	"Pyramimonas"	"sp."	2017	"GlacierFront2017"	"Cc4"	"PHT-024"	"species"	"Occurrence"	6609.97748344371	6	0.0009077186745383709	"l"	"present"	"verified"	302	16635.11	50	1000	1	330.498874172185	"Niskin bottle"	"phytoplankton"					
10	60	"AT"	10	"cells/l"	"Uronema marinum"		2017	"GlacierFront2017"	"Cc4"	"PHT-024"		"Occurrence"	1101.66291390728	1	0.0009077186745383709	"l"	"present"	"verified"	302	16635.11	50	1000	1	55.0831456953642	"Niskin bottle"	"phytoplankton"	"Uronema marina"				
10	60	"AT"	10	"cells/l"	"Heterocapsa rotundata"		2017	"GlacierFront2017"	"Cc4"	"PHT-024"		"Occurrence"	1101.66291390728	1	0.0009077186745383709	"l"	"present"	"verified"	302	16635.11	50	1000	1	55.0831456953642	"Niskin bottle"	"phytoplankton"					
5	60	"AT"	5	"cells/l"	"Eutreptiella"	"sp."	2017	"GlacierFront2017"	"Cc2"	"PHT-026"	"species"	"Occurrence"	573624.482758621	50	0.00008716503828348594	"l"	"present"	"verified"	29	16635.11	50	1000	1	28681.224137931	"Niskin bottle"	"phytoplankton"					
5	60	"AT"	5	"cells/l"	"Pyramimonas"	"sp."	2017	"GlacierFront2017"	"Cc2"	"PHT-026"	"species"	"Occurrence"	19634.8839344262	18	0.0009167357474642488	"l"	"present"	"verified"	305	16635.11	50	1000	1	981.744196721311	"Niskin bottle"	"phytoplankton"					
5	60	"AT"	5	"cells/l"	"Eukaryota incertae sedis"		2017	"GlacierFront2017"	"Cc2"	"PHT-026"		"Occurrence"	5454.13442622951	5	0.0009167357474642488	"l"	"present"	"verified"	305	16635.11	50	1000	1	272.706721311475	"Niskin bottle"	"phytoplankton"				"aff. Telonema sp. undefined"	
5	60	"AT"	5	"cells/l"	"Gymnodinium"	"sp."	2017	"GlacierFront2017"	"Cc2"	"PHT-026"	"species"	"Occurrence"	8726.61508196721	8	0.0009167357474642488	"l"	"present"	"verified"	305	16635.11	50	1000	1	436.330754098361	"Niskin bottle"	"phytoplankton"	"Gymnodinium sp. 10-20um"				
5	60	"AT"	5	"cells/l"	"Heterocapsa rotundata"		2017	"GlacierFront2017"	"Cc2"	"PHT-026"		"Occurrence"	5454.13442622951	5	0.0009167357474642488	"l"	"present"	"verified"	305	16635.11	50	1000	1	272.706721311475	"Niskin bottle"	"phytoplankton"					
5	60	"AT"	5	"cells/l"	"Cylindrotheca closterium"		2017	"GlacierFront2017"	"Cc2"	"PHT-026"		"Occurrence"	1090.8268852459	1	0.0009167357474642488	"l"	"present"	"verified"	305	16635.11	50	1000	1	54.5413442622951	"Niskin bottle"	"phytoplankton"					
5	60	"AT"	5	"cells/l"	"Dinophyceae"	"indet."	2017	"GlacierFront2017"	"Cc2"	"PHT-026"		"Occurrence"	1090.8268852459	1	0.0009167357474642488	"l"	"present"	"verified"	305	16635.11	50	1000	1	54.5413442622951	"Niskin bottle"	"phytoplankton"	"Dinophycean"	"„złote”"	"cyst"		
5	60	"AT"	5	"cells/l"	"Prorocentrum cordatum"		2017	"GlacierFront2017"	"Cc2"	"PHT-026"		"Occurrence"	2181.6537704918	2	0.0009167357474642488	"l"	"present"	"verified"	305	16635.11	50	1000	1	109.08268852459	"Niskin bottle"	"phytoplankton"					
5	60	"AT"	5	"cells/l"	"Gymnodinium"	"sp."	2017	"GlacierFront2017"	"Cc2"	"PHT-026"	"species"	"Occurrence"	5454.13442622951	5	0.0009167357474642488	"l"	"present"	"verified"	305	16635.11	50	1000	1	272.706721311475	"Niskin bottle"	"phytoplankton"	"Gymnodinium sp. 20-30um"				
5	60	"AT"	5	"cells/l"	"Gymnodinium galeatum"		2017	"GlacierFront2017"	"Cc2"	"PHT-026"		"Occurrence"	3272.48065573771	3	0.0009167357474642488	"l"	"present"	"verified"	305	16635.11	50	1000	1	163.624032786885	"Niskin bottle"	"phytoplankton"					
5	60	"AT"	5	"cells/l"	"Teleaulax"	"sp."	2017	"GlacierFront2017"	"Cc2"	"PHT-026"	"species"	"Occurrence"	2181.6537704918	2	0.0009167357474642488	"l"	"present"	"verified"	305	16635.11	50	1000	1	109.08268852459	"Niskin bottle"	"phytoplankton"					
5	60	"AT"	5	"cells/l"	"Eukaryota incertae sedis"	"indet."	2017	"GlacierFront2017"	"Cc2"	"PHT-026"		"Occurrence"	2181.6537704918	2	0.0009167357474642488	"l"	"present"	"verified"	305	16635.11	50	1000	1	109.08268852459	"Niskin bottle"	"phytoplankton"	"Flagellates"				
5	60	"AT"	5	"cells/l"	"Protoperidinium pellucidum"		2017	"GlacierFront2017"	"Cc2"	"PHT-026"		"Occurrence"	1090.8268852459	1	0.0009167357474642488	"l"	"present"	"verified"	305	16635.11	50	1000	1	54.5413442622951	"Niskin bottle"	"phytoplankton"					
5	60	"AT"	5	"cells/l"	"Telonema"	"sp."	2017	"GlacierFront2017"	"Cc2"	"PHT-026"	"species"	"Occurrence"	1090.8268852459	1	0.0009167357474642488	"l"	"present"	"verified"	305	16635.11	50	1000	1	54.5413442622951	"Niskin bottle"	"phytoplankton"					
5	60	"AT"	5	"cells/l"	"Eutreptiella"	"sp."	2017	"GlacierFront2017"	"Cc1"	"PHT-027"	"species"	"Occurrence"	573624.482758621	50	0.00008716503828348594	"l"	"present"	"verified"	29	16635.11	50	1000	1	28681.224137931	"Niskin bottle"	"phytoplankton"					
5	60	"AT"	5	"cells/l"	"Pyramimonas"	"sp."	2017	"GlacierFront2017"	"Cc1"	"PHT-027"	"species"	"Occurrence"	89919.5135135135	50	0.0005560528304291346	"l"	"present"	"verified"	185	16635.11	50	1000	1	4495.97567567568	"Niskin bottle"	"phytoplankton"					
5	60	"AT"	5	"cells/l"	"Eukaryota incertae sedis"	"indet."	2017	"GlacierFront2017"	"Cc1"	"PHT-027"		"Occurrence"	4708.05	3	0.0006372064867620353	"l"	"present"	"verified"	212	16635.11	50	1000	1	235.4025	"Niskin bottle"	"phytoplankton"	"Flagellates"				
5	60	"AT"	5	"cells/l"	"Eukaryota incertae sedis"		2017	"GlacierFront2017"	"Cc1"	"PHT-027"		"Occurrence"	1569.35	1	0.0006372064867620353	"l"	"present"	"verified"	212	16635.11	50	1000	1	78.4675	"Niskin bottle"	"phytoplankton"				"aff. Telonema sp. undefined"	
5	60	"AT"	5	"cells/l"	"Dinophyceae"	"indet."	2017	"GlacierFront2017"	"Cc1"	"PHT-027"		"Occurrence"	3138.7	2	0.0006372064867620353	"l"	"present"	"verified"	212	16635.11	50	1000	1	156.935	"Niskin bottle"	"phytoplankton"	"Dinophycean"		"cyst"		
5	60	"AT"	5	"cells/l"	"Eukaryota incertae sedis"	"indet."	2017	"GlacierFront2017"	"Cc1"	"PHT-027"		"Occurrence"	14124.15	9	0.0006372064867620353	"l"	"present"	"verified"	212	16635.11	50	1000	1	706.2075	"Niskin bottle"	"phytoplankton"	"Flagellates"				
5	60	"AT"	5	"cells/l"	"Chrysophyceae"	"indet."	2017	"GlacierFront2017"	"Cc1"	"PHT-027"		"Occurrence"	1569.35	1	0.0006372064867620353	"l"	"present"	"verified"	212	16635.11	50	1000	1	78.4675	"Niskin bottle"	"phytoplankton"	"Chrysophycean"		"cyst"		
5	60	"AT"	5	"cells/l"	"Prorocentrum cordatum"		2017	"GlacierFront2017"	"Cc1"	"PHT-027"		"Occurrence"	9416.1	6	0.0006372064867620353	"l"	"present"	"verified"	212	16635.11	50	1000	1	470.805	"Niskin bottle"	"phytoplankton"					
5	60	"AT"	5	"cells/l"	"Gymnodinium"	"sp."	2017	"GlacierFront2017"	"Cc1"	"PHT-027"	"species"	"Occurrence"	17262.85	11	0.0006372064867620353	"l"	"present"	"verified"	212	16635.11	50	1000	1	863.1425	"Niskin bottle"	"phytoplankton"	"Gymnodinium sp. 10-20um"				
5	60	"AT"	5	"cells/l"	"Gymnodinium simplex"		2017	"GlacierFront2017"	"Cc1"	"PHT-027"		"Occurrence"	4708.05	3	0.0006372064867620353	"l"	"present"	"verified"	212	16635.11	50	1000	1	235.4025	"Niskin bottle"	"phytoplankton"					
5	60	"AT"	5	"cells/l"	"Leucocryptos marina"		2017	"GlacierFront2017"	"Cc1"	"PHT-027"		"Occurrence"	6277.4	4	0.0006372064867620353	"l"	"present"	"verified"	212	16635.11	50	1000	1	313.87	"Niskin bottle"	"phytoplankton"					
5	60	"AT"	5	"cells/l"	"Gymnodinium galeatum"		2017	"GlacierFront2017"	"Cc1"	"PHT-027"		"Occurrence"	3138.7	2	0.0006372064867620353	"l"	"present"	"verified"	212	16635.11	50	1000	1	156.935	"Niskin bottle"	"phytoplankton"					
5	60	"AT"	5	"cells/l"	"Heterocapsa rotundata"		2017	"GlacierFront2017"	"Cc1"	"PHT-027"		"Occurrence"	3138.7	2	0.0006372064867620353	"l"	"present"	"verified"	212	16635.11	50	1000	1	156.935	"Niskin bottle"	"phytoplankton"					
5	60	"AT"	5	"cells/l"	"Cryptomonas"	"sp."	2017	"GlacierFront2017"	"Cc1"	"PHT-027"	"species"	"Occurrence"	3138.7	2	0.0006372064867620353	"l"	"present"	"verified"	212	16635.11	50	1000	1	156.935	"Niskin bottle"	"phytoplankton"					
5	60	"AT"	5	"cells/l"	"Olisthodiscus"	"sp."	2017	"GlacierFront2017"	"Cc1"	"PHT-027"	"species"	"Occurrence"	3138.7	2	0.0006372064867620353	"l"	"present"	"verified"	212	16635.11	50	1000	1	156.935	"Niskin bottle"	"phytoplankton"					
5	60	"AT"	5	"cells/l"	"Oxyrrhis"	"sp."	2017	"GlacierFront2017"	"Cc1"	"PHT-027"	"species"	"Occurrence"	3138.7	2	0.0006372064867620353	"l"	"present"	"verified"	212	16635.11	50	1000	1	156.935	"Niskin bottle"	"phytoplankton"					
5	60	"AT"	5	"cells/l"	"Phaeocystis pouchetii"		2017	"GlacierFront2017"	"Cc1"	"PHT-027"		"Occurrence"	1569.35	1	0.0006372064867620353	"l"	"present"	"verified"	212	16635.11	50	1000	1	78.4675	"Niskin bottle"	"phytoplankton"					
1	60	"AT"	1	"cells/l"	"Amphidoma acuminata"		2017	"GlacierFront2017"	"CpS3"	"PHT-033"		"Occurrence"	1062.94632587859	1	0.0009407812752665898	"l"	"present"	"verified"	313	16635.11	50	1000	1	53.1473162939297	"Niskin bottle"	"phytoplankton"					
1	60	"AT"	1	"cells/l"	"Chrysophyceae"	"indet."	2017	"GlacierFront2017"	"CpS3"	"PHT-033"		"Occurrence"	1062.94632587859	1	0.0009407812752665898	"l"	"present"	"verified"	313	16635.11	50	1000	1	53.1473162939297	"Niskin bottle"	"phytoplankton"	"Chrysophycean"		"cyst"		
1	60	"AT"	1	"cells/l"	"Cryptomonas"	"sp."	2017	"GlacierFront2017"	"CpS3"	"PHT-033"	"species"	"Occurrence"	5314.73162939297	5	0.0009407812752665898	"l"	"present"	"verified"	313	16635.11	50	1000	1	265.736581469649	"Niskin bottle"	"phytoplankton"					
1	60	"AT"	1	"cells/l"	"Dinophyceae"	"indet."	2017	"GlacierFront2017"	"CpS3"	"PHT-033"		"Occurrence"	1062.94632587859	1	0.0009407812752665898	"l"	"present"	"verified"	313	16635.11	50	1000	1	53.1473162939297	"Niskin bottle"	"phytoplankton"	"Dinophycean"		"cyst"		
1	60	"AT"	1	"cells/l"	"Eutreptiella"	"sp."	2017	"GlacierFront2017"	"CpS3"	"PHT-033"	"species"	"Occurrence"	639811.923076923	50	0.0000781479653576081	"l"	"present"	"verified"	26	16635.11	50	1000	1	31990.5961538462	"Niskin bottle"	"phytoplankton"					
1	60	"AT"	1	"cells/l"	"Eukaryota incertae sedis"	"indet."	2017	"GlacierFront2017"	"CpS3"	"PHT-033"		"Occurrence"	2125.89265175719	2	0.0009407812752665898	"l"	"present"	"verified"	313	16635.11	50	1000	1	106.294632587859	"Niskin bottle"	"phytoplankton"	"Flagellates"				
1	60	"AT"	1	"cells/l"	"Gonyaulax gracilis"		2017	"GlacierFront2017"	"CpS3"	"PHT-033"		"Occurrence"	1062.94632587859	1	0.0009407812752665898	"l"	"present"	"verified"	313	16635.11	50	1000	1	53.1473162939297	"Niskin bottle"	"phytoplankton"					
1	60	"AT"	1	"cells/l"	"Gymnodinium simplex"		2017	"GlacierFront2017"	"CpS3"	"PHT-033"		"Occurrence"	1062.94632587859	1	0.0009407812752665898	"l"	"present"	"verified"	313	16635.11	50	1000	1	53.1473162939297	"Niskin bottle"	"phytoplankton"					
1	60	"AT"	1	"cells/l"	"Gymnodinium"	"sp."	2017	"GlacierFront2017"	"CpS3"	"PHT-033"	"species"	"Occurrence"	2125.89265175719	2	0.0009407812752665898	"l"	"present"	"verified"	313	16635.11	50	1000	1	106.294632587859	"Niskin bottle"	"phytoplankton"	"Gymnodinium sp. 10-20um"				
1	60	"AT"	1	"cells/l"	"Gyrodinium fusiforme"		2017	"GlacierFront2017"	"CpS3"	"PHT-033"		"Occurrence"	1062.94632587859	1	0.0009407812752665898	"l"	"present"	"verified"	313	16635.11	50	1000	1	53.1473162939297	"Niskin bottle"	"phytoplankton"					
1	60	"AT"	1	"cells/l"	"Heterocapsa rotundata"		2017	"GlacierFront2017"	"CpS3"	"PHT-033"		"Occurrence"	2125.89265175719	2	0.0009407812752665898	"l"	"present"	"verified"	313	16635.11	50	1000	1	106.294632587859	"Niskin bottle"	"phytoplankton"					
1	60	"AT"	1	"cells/l"	"Leucocryptos marina"		2017	"GlacierFront2017"	"CpS3"	"PHT-033"		"Occurrence"	2125.89265175719	2	0.0009407812752665898	"l"	"present"	"verified"	313	16635.11	50	1000	1	106.294632587859	"Niskin bottle"	"phytoplankton"					
1	60	"AT"	1	"cells/l"	"Mesodinium rubrum"		2017	"GlacierFront2017"	"CpS3"	"PHT-033"		"Occurrence"	2125.89265175719	2	0.0009407812752665898	"l"	"present"	"verified"	313	16635.11	50	1000	1	106.294632587859	"Niskin bottle"	"phytoplankton"					
1	60	"AT"	1	"cells/l"	"Oxyrrhis"	"sp."	2017	"GlacierFront2017"	"CpS3"	"PHT-033"	"species"	"Occurrence"	2125.89265175719	2	0.0009407812752665898	"l"	"present"	"verified"	313	16635.11	50	1000	1	106.294632587859	"Niskin bottle"	"phytoplankton"					
1	60	"AT"	1	"cells/l"	"Phaeocystis pouchetii"		2017	"GlacierFront2017"	"CpS3"	"PHT-033"		"Occurrence"	2125.89265175719	2	0.0009407812752665898	"l"	"present"	"verified"	313	16635.11	50	1000	1	106.294632587859	"Niskin bottle"	"phytoplankton"					
1	60	"AT"	1	"cells/l"	"Prorocentrum cordatum"		2017	"GlacierFront2017"	"CpS3"	"PHT-033"		"Occurrence"	22321.8728434505	21	0.0009407812752665898	"l"	"present"	"verified"	313	16635.11	50	1000	1	1116.09364217252	"Niskin bottle"	"phytoplankton"					
1	60	"AT"	1	"cells/l"	"Pyramimonas"	"sp."	2017	"GlacierFront2017"	"CpS3"	"PHT-033"	"species"	"Occurrence"	108020.194805195	50	0.00046287641019506333	"l"	"present"	"verified"	154	16635.11	50	1000	1	5401.00974025974	"Niskin bottle"	"phytoplankton"					
10	60	"AT"	10	"cells/l"	"Pyramimonas"	"sp."	2017	"GlacierFront2017"	"KpS2"	"PHT-011"	"species"	"Occurrence"	3277.85418719212	4	0.0012203105359688033	"l"	"present"	"verified"	406	16635.11	50	1000	1	163.892709359606	"Niskin bottle"	"phytoplankton"					
10	60	"AT"	10	"cells/l"	"Eutreptiella"	"sp."	2017	"GlacierFront2017"	"KpS2"	"PHT-011"	"species"	"Occurrence"	819.46354679803	1	0.0012203105359688033	"l"	"present"	"verified"	406	16635.11	50	1000	1	40.9731773399015	"Niskin bottle"	"phytoplankton"					
10	60	"AT"	10	"cells/l"	"Chrysophyceae"	"indet."	2017	"GlacierFront2017"	"KpS2"	"PHT-011"		"Occurrence"	819.46354679803	1	0.0012203105359688033	"l"	"present"	"verified"	406	16635.11	50	1000	1	40.9731773399015	"Niskin bottle"	"phytoplankton"	"Chrysophycean"		"cyst"		
10	60	"AT"	10	"cells/l"	"Eukaryota incertae sedis"	"indet."	2017	"GlacierFront2017"	"KpS2"	"PHT-011"		"Occurrence"	819.46354679803	1	0.0012203105359688033	"l"	"present"	"verified"	406	16635.11	50	1000	1	40.9731773399015	"Niskin bottle"	"phytoplankton"	"Flagellates"				
10	60	"AT"	10	"cells/l"	"Cryptomonas"	"sp."	2017	"GlacierFront2017"	"KpS2"	"PHT-011"	"species"	"Occurrence"	819.46354679803	1	0.0012203105359688033	"l"	"present"	"verified"	406	16635.11	50	1000	1	40.9731773399015	"Niskin bottle"	"phytoplankton"					
10	60	"AT"	10	"cells/l"	"Eukaryota incertae sedis"	"indet."	2017	"GlacierFront2017"	"KpS1"	"PHT-012"		"Occurrence"	853.082564102564	1	0.0011722194803641215	"l"	"present"	"verified"	390	16635.11	50	1000	1	42.6541282051282	"Niskin bottle"	"phytoplankton"	"Flagellates"				
10	60	"AT"	10	"cells/l"	"Gymnodinium simplex"		2017	"GlacierFront2017"	"KpS1"	"PHT-012"		"Occurrence"	853.082564102564	1	0.0011722194803641215	"l"	"present"	"verified"	390	16635.11	50	1000	1	42.6541282051282	"Niskin bottle"	"phytoplankton"					
10	60	"AT"	10	"cells/l"	"Eutreptiella"	"sp."	2017	"GlacierFront2017"	"KpS1"	"PHT-012"	"species"	"Occurrence"	2559.24769230769	3	0.0011722194803641215	"l"	"present"	"verified"	390	16635.11	50	1000	1	127.962384615385	"Niskin bottle"	"phytoplankton"					
10	60	"AT"	10	"cells/l"	"Thalassiosira"	"spp. gravida/antarctica"	2017	"GlacierFront2017"	"KpS1"	"PHT-012"	"species"	"Occurrence"	853.082564102564	1	0.0011722194803641215	"l"	"present"	"verified"	390	16635.11	50	1000	1	42.6541282051282	"Niskin bottle"	"phytoplankton"	"Thalassiosira gravida/antarctica"				
5	60	"AT"	5	"cells/l"	"Eutreptiella"	"sp."	2017	"GlacierFront2017"	"Kb6"	"PHT-037"	"species"	"Occurrence"	437766.052631579	50	0.00011421625706111951	"l"	"present"	"verified"	38	16635.11	50	1000	1	21888.3026315789	"Niskin bottle"	"phytoplankton"					
5	60	"AT"	5	"cells/l"	"Cryptomonas"	"sp."	2017	"GlacierFront2017"	"Kb6"	"PHT-037"	"species"	"Occurrence"	2495.2665	3	0.0012022763901170476	"l"	"present"	"verified"	400	16635.11	50	1000	1	124.763325	"Niskin bottle"	"phytoplankton"					
5	60	"AT"	5	"cells/l"	"Pyramimonas"	"sp."	2017	"GlacierFront2017"	"Kb6"	"PHT-037"	"species"	"Occurrence"	47939.7982708934	50	0.0010429747684265387	"l"	"present"	"verified"	347	16635.11	50	1000	1	2396.98991354467	"Niskin bottle"	"phytoplankton"					
5	60	"AT"	5	"cells/l"	"Leucocryptos marina"		2017	"GlacierFront2017"	"Kb6"	"PHT-037"		"Occurrence"	831.7555	1	0.0012022763901170476	"l"	"present"	"verified"	400	16635.11	50	1000	1	41.587775	"Niskin bottle"	"phytoplankton"					
5	60	"AT"	5	"cells/l"	"Gymnodinium"	"sp."	2017	"GlacierFront2017"	"Kb6"	"PHT-037"	"species"	"Occurrence"	1663.511	2	0.0012022763901170476	"l"	"present"	"verified"	400	16635.11	50	1000	1	83.17555	"Niskin bottle"	"phytoplankton"	"Gymnodinium sp. 10-20um"				
5	60	"AT"	5	"cells/l"	"Gymnodinium simplex"		2017	"GlacierFront2017"	"Kb6"	"PHT-037"		"Occurrence"	831.7555	1	0.0012022763901170476	"l"	"present"	"verified"	400	16635.11	50	1000	1	41.587775	"Niskin bottle"	"phytoplankton"					
10	60	"AT"	10	"cells/l"	"Eukaryota incertae sedis"		2017	"GlacierFront2017"	"KpS4"	"PHT-006"		"Occurrence"	642.282239382239	1	0.0015569479252015767	"l"	"present"	"verified"	518	16635.11	50	1000	1	32.114111969112	"Niskin bottle"	"phytoplankton"				"aff. Telonema sp. undefined"	
10	60	"AT"	10	"cells/l"	"Chrysophyceae"	"indet."	2017	"GlacierFront2017"	"KpS4"	"PHT-006"		"Occurrence"	2569.12895752896	4	0.0015569479252015767	"l"	"present"	"verified"	518	16635.11	50	1000	1	128.456447876448	"Niskin bottle"	"phytoplankton"	"Chrysophycean"		"cyst"		
10	60	"AT"	10	"cells/l"	"Cryptomonas"	"sp."	2017	"GlacierFront2017"	"KpS4"	"PHT-006"	"species"	"Occurrence"	2569.12895752896	4	0.0015569479252015767	"l"	"present"	"verified"	518	16635.11	50	1000	1	128.456447876448	"Niskin bottle"	"phytoplankton"					
10	60	"AT"	10	"cells/l"	"Dinophyceae"	"indet."	2017	"GlacierFront2017"	"KpS4"	"PHT-006"		"Occurrence"	642.282239382239	1	0.0015569479252015767	"l"	"present"	"verified"	518	16635.11	50	1000	1	32.114111969112	"Niskin bottle"	"phytoplankton"	"Dinophycean"	"„złote”"	"cyst"		
10	60	"AT"	10	"cells/l"	"Eutreptiella"	"sp."	2017	"GlacierFront2017"	"KpS4"	"PHT-006"	"species"	"Occurrence"	7065.10463320463	11	0.0015569479252015767	"l"	"present"	"verified"	518	16635.11	50	1000	1	353.255231660232	"Niskin bottle"	"phytoplankton"					
10	60	"AT"	10	"cells/l"	"Eukaryota incertae sedis"	"indet."	2017	"GlacierFront2017"	"KpS4"	"PHT-006"		"Occurrence"	8991.95135135135	14	0.0015569479252015767	"l"	"present"	"verified"	518	16635.11	50	1000	1	449.597567567568	"Niskin bottle"	"phytoplankton"	"Flagellates"				
10	60	"AT"	10	"cells/l"	"Eukaryota incertae sedis"	"indet."	2017	"GlacierFront2017"	"KpS4"	"PHT-006"		"Occurrence"	642.282239382239	1	0.0015569479252015767	"l"	"present"	"verified"	518	16635.11	50	1000	1	32.114111969112	"Niskin bottle"	"phytoplankton"	"Flagellates"				
10	60	"AT"	10	"cells/l"	"Gonyaulax gracilis"		2017	"GlacierFront2017"	"KpS4"	"PHT-006"		"Occurrence"	642.282239382239	1	0.0015569479252015767	"l"	"present"	"verified"	518	16635.11	50	1000	1	32.114111969112	"Niskin bottle"	"phytoplankton"					
10	60	"AT"	10	"cells/l"	"Gymnodinium"	"sp."	2017	"GlacierFront2017"	"KpS4"	"PHT-006"	"species"	"Occurrence"	642.282239382239	1	0.0015569479252015767	"l"	"present"	"verified"	518	16635.11	50	1000	1	32.114111969112	"Niskin bottle"	"phytoplankton"	"Gymnodinium sp. 10-20um"				
10	60	"AT"	10	"cells/l"	"Leucocryptos marina"		2017	"GlacierFront2017"	"KpS4"	"PHT-006"		"Occurrence"	1284.56447876448	2	0.0015569479252015767	"l"	"present"	"verified"	518	16635.11	50	1000	1	64.2282239382239	"Niskin bottle"	"phytoplankton"					
10	60	"AT"	10	"cells/l"	"Leucocryptos"	"sp."	2017	"GlacierFront2017"	"KpS4"	"PHT-006"	"species"	"Occurrence"	642.282239382239	1	0.0015569479252015767	"l"	"present"	"verified"	518	16635.11	50	1000	1	32.114111969112	"Niskin bottle"	"phytoplankton"		"„duzy”"			"+"
10	60	"AT"	10	"cells/l"	"Olisthodiscus"	"sp."	2017	"GlacierFront2017"	"KpS4"	"PHT-006"	"species"	"Occurrence"	642.282239382239	1	0.0015569479252015767	"l"	"present"	"verified"	518	16635.11	50	1000	1	32.114111969112	"Niskin bottle"	"phytoplankton"					
10	60	"AT"	10	"cells/l"	"Oxyrrhis"	"sp."	2017	"GlacierFront2017"	"KpS4"	"PHT-006"	"species"	"Occurrence"	642.282239382239	1	0.0015569479252015767	"l"	"present"	"verified"	518	16635.11	50	1000	1	32.114111969112	"Niskin bottle"	"phytoplankton"					
10	60	"AT"	10	"cells/l"	"Prorocentrum cordatum"		2017	"GlacierFront2017"	"KpS4"	"PHT-006"		"Occurrence"	1284.56447876448	2	0.0015569479252015767	"l"	"present"	"verified"	518	16635.11	50	1000	1	64.2282239382239	"Niskin bottle"	"phytoplankton"					
10	60	"AT"	10	"cells/l"	"Pseudo-nitzschia"	"spp. delicatissima/pseudo-delicatissima"	2017	"GlacierFront2017"	"KpS4"	"PHT-006"	"species"	"Occurrence"	642.282239382239	1	0.0015569479252015767	"l"	"present"	"verified"	518	16635.11	50	1000	1	32.114111969112	"Niskin bottle"	"phytoplankton"	"Pseudo-nitzschia delicatissima/ pseudo-delicatissima"				
10	60	"AT"	10	"cells/l"	"Pseudo-nitzschia granii"		2017	"GlacierFront2017"	"KpS4"	"PHT-006"		"Occurrence"	642.282239382239	1	0.0015569479252015767	"l"	"present"	"verified"	518	16635.11	50	1000	1	32.114111969112	"Niskin bottle"	"phytoplankton"					
10	60	"AT"	10	"cells/l"	"Pyramimonas"	"sp."	2017	"GlacierFront2017"	"KpS4"	"PHT-006"	"species"	"Occurrence"	8349.66911196911	13	0.0015569479252015767	"l"	"present"	"verified"	518	16635.11	50	1000	1	417.483455598456	"Niskin bottle"	"phytoplankton"					
10	60	"AT"	10	"cells/l"	"Teleaulax"	"sp."	2017	"GlacierFront2017"	"KpS4"	"PHT-006"	"species"	"Occurrence"	1284.56447876448	2	0.0015569479252015767	"l"	"present"	"verified"	518	16635.11	50	1000	1	64.2282239382239	"Niskin bottle"	"phytoplankton"					
10	60	"AT"	10	"cells/l"	"Thalassiosira"	"spp. gravida/antarctica"	2017	"GlacierFront2017"	"KpS4"	"PHT-006"	"species"	"Occurrence"	642.282239382239	1	0.0015569479252015767	"l"	"present"	"verified"	518	16635.11	50	1000	1	32.114111969112	"Niskin bottle"	"phytoplankton"	"Thalassiosira gravida/antarctica"				
	60	"AT"		"cells/l"	"Pyramimonas"	"sp."	2017	"GlacierFront2017"	"KpM3"	"PHT-008"	"species"	"Occurrence"	2559.24769230769	3	0.0011722194803641215	"l"	"present"	"verified"	390	16635.11	50	1000	1	127.962384615385	"Niskin bottle"	"phytoplankton"					
	60	"AT"		"cells/l"	"Eutreptiella"	"sp."	2017	"GlacierFront2017"	"KpM3"	"PHT-008"	"species"	"Occurrence"	2559.24769230769	3	0.0011722194803641215	"l"	"present"	"verified"	390	16635.11	50	1000	1	127.962384615385	"Niskin bottle"	"phytoplankton"					
10	60	"AT"	10	"cells/l"	"Eutreptiella"	"sp."	2017	"GlacierFront2017"	"KpM4"	"PHT-005"	"species"	"Occurrence"	616.115185185185	1	0.001623073126658014	"l"	"present"	"verified"	540	16635.11	50	1000	1	30.8057592592593	"Niskin bottle"	"phytoplankton"					
10	60	"AT"	10	"cells/l"	"Teleaulax"	"sp."	2017	"GlacierFront2017"	"KpM4"	"PHT-005"	"species"	"Occurrence"	616.115185185185	1	0.001623073126658014	"l"	"present"	"verified"	540	16635.11	50	1000	1	30.8057592592593	"Niskin bottle"	"phytoplankton"					
10	60	"AT"	10	"cells/l"	"Eukaryota incertae sedis"	"indet."	2017	"GlacierFront2017"	"KpM4"	"PHT-005"		"Occurrence"	616.115185185185	1	0.001623073126658014	"l"	"present"	"verified"	540	16635.11	50	1000	1	30.8057592592593	"Niskin bottle"	"phytoplankton"	"Flagellates"				
10	60	"AT"	10	"cells/l"	"Chrysophyceae"	"indet."	2017	"GlacierFront2017"	"KpM4"	"PHT-005"		"Occurrence"	616.115185185185	1	0.001623073126658014	"l"	"present"	"verified"	540	16635.11	50	1000	1	30.8057592592593	"Niskin bottle"	"phytoplankton"	"Chrysophycean"		"cyst"		
10	60	"AT"	10	"cells/l"	"Leucocryptos marina"		2017	"GlacierFront2017"	"KpM4"	"PHT-005"		"Occurrence"	616.115185185185	1	0.001623073126658014	"l"	"present"	"verified"	540	16635.11	50	1000	1	30.8057592592593	"Niskin bottle"	"phytoplankton"					
10	60	"AT"	10	"cells/l"	"Pyramimonas"	"sp."	2017	"GlacierFront2017"	"KpM4"	"PHT-005"	"species"	"Occurrence"	1232.23037037037	2	0.001623073126658014	"l"	"present"	"verified"	540	16635.11	50	1000	1	61.6115185185185	"Niskin bottle"	"phytoplankton"					
	60	"AT"		"cells/l"	"Eukaryota incertae sedis"	"indet."	2017	"GlacierFront2017"	"KpS3"	"PHT-007"		"Occurrence"	5015.61105527638	6	0.0011962650081664623	"l"	"present"	"verified"	398	16635.11	50	1000	1	250.780552763819	"Niskin bottle"	"phytoplankton"	"Flagellates"				
	60	"AT"		"cells/l"	"Gymnodinium simplex"		2017	"GlacierFront2017"	"KpS3"	"PHT-007"		"Occurrence"	835.935175879397	1	0.0011962650081664623	"l"	"present"	"verified"	398	16635.11	50	1000	1	41.7967587939699	"Niskin bottle"	"phytoplankton"					
	60	"AT"		"cells/l"	"Eutreptiella"	"sp."	2017	"GlacierFront2017"	"KpS3"	"PHT-007"	"species"	"Occurrence"	5851.54623115578	7	0.0011962650081664623	"l"	"present"	"verified"	398	16635.11	50	1000	1	292.577311557789	"Niskin bottle"	"phytoplankton"					
	60	"AT"		"cells/l"	"Gymnodinium"	"sp."	2017	"GlacierFront2017"	"KpS3"	"PHT-007"	"species"	"Occurrence"	835.935175879397	1	0.0011962650081664623	"l"	"present"	"verified"	398	16635.11	50	1000	1	41.7967587939699	"Niskin bottle"	"phytoplankton"	"Gymnodinium sp. 10-20um"				"+"
	60	"AT"		"cells/l"	"Olisthodiscus"	"sp."	2017	"GlacierFront2017"	"KpS3"	"PHT-007"	"species"	"Occurrence"	835.935175879397	1	0.0011962650081664623	"l"	"present"	"verified"	398	16635.11	50	1000	1	41.7967587939699	"Niskin bottle"	"phytoplankton"					
	60	"AT"		"cells/l"	"Telonema"	"sp."	2017	"GlacierFront2017"	"KpS3"	"PHT-007"	"species"	"Occurrence"	835.935175879397	1	0.0011962650081664623	"l"	"present"	"verified"	398	16635.11	50	1000	1	41.7967587939699	"Niskin bottle"	"phytoplankton"					
	60	"AT"		"cells/l"	"Oxyrrhis"	"sp."	2017	"GlacierFront2017"	"KpS3"	"PHT-007"	"species"	"Occurrence"	1671.87035175879	2	0.0011962650081664623	"l"	"present"	"verified"	398	16635.11	50	1000	1	83.5935175879397	"Niskin bottle"	"phytoplankton"					
	60	"AT"		"cells/l"	"Prorocentrum cordatum"		2017	"GlacierFront2017"	"KpS3"	"PHT-007"		"Occurrence"	2507.80552763819	3	0.0011962650081664623	"l"	"present"	"verified"	398	16635.11	50	1000	1	125.39027638191	"Niskin bottle"	"phytoplankton"					
	60	"AT"		"cells/l"	"Pyramimonas"	"sp."	2017	"GlacierFront2017"	"KpS3"	"PHT-007"	"species"	"Occurrence"	9195.28693467337	11	0.0011962650081664623	"l"	"present"	"verified"	398	16635.11	50	1000	1	459.764346733668	"Niskin bottle"	"phytoplankton"					
	60	"AT"		"cells/l"	"Chrysophyceae"	"indet."	2017	"GlacierFront2017"	"KpS3"	"PHT-007"		"Occurrence"	835.935175879397	1	0.0011962650081664623	"l"	"present"	"verified"	398	16635.11	50	1000	1	41.7967587939699	"Niskin bottle"	"phytoplankton"	"Chrysophycean"		"cyst"		
	60	"AT"		"cells/l"	"Lohmanniella oviformis"		2017	"GlacierFront2017"	"KpS3"	"PHT-007"		"Occurrence"	835.935175879397	1	0.0011962650081664623	"l"	"present"	"verified"	398	16635.11	50	1000	1	41.7967587939699	"Niskin bottle"	"phytoplankton"					
	60	"AT"		"cells/l"	"Leucocryptos marina"		2017	"GlacierFront2017"	"KpS3"	"PHT-007"		"Occurrence"	835.935175879397	1	0.0011962650081664623	"l"	"present"	"verified"	398	16635.11	50	1000	1	41.7967587939699	"Niskin bottle"	"phytoplankton"					
	60	"AT"		"cells/l"	"Gymnodinium"	"sp. cf. G. gracilentum"	2017	"GlacierFront2017"	"KpS3"	"PHT-007"	"species"	"Occurrence"	835.935175879397	1	0.0011962650081664623	"l"	"present"	"verified"	398	16635.11	50	1000	1	41.7967587939699	"Niskin bottle"	"phytoplankton"					
5	60	"AT"	5	"cells/l"	"Pyramimonas"	"sp."	2017	"GlacierFront2017"	"Kb7"	"PHT-036"	"species"	"Occurrence"	184834.555555556	50	0.00027051218777633576	"l"	"present"	"verified"	90	16635.11	50	1000	1	9241.72777777778	"Niskin bottle"	"phytoplankton"					
5	60	"AT"	5	"cells/l"	"Eutreptiella"	"sp."	2017	"GlacierFront2017"	"Kb7"	"PHT-036"	"species"	"Occurrence"	756141.363636364	50	0.00006612520145643761	"l"	"present"	"verified"	22	16635.11	50	1000	1	37807.0681818182	"Niskin bottle"	"phytoplankton"					
5	60	"AT"	5	"cells/l"	"Prorocentrum cordatum"		2017	"GlacierFront2017"	"Kb7"	"PHT-036"		"Occurrence"	29943.198	27	0.0009017072925877856	"l"	"present"	"verified"	300	16635.11	50	1000	1	1497.1599	"Niskin bottle"	"phytoplankton"					
5	60	"AT"	5	"cells/l"	"Eukaryota incertae sedis"	"indet."	2017	"GlacierFront2017"	"Kb7"	"PHT-036"		"Occurrence"	33270.22	30	0.0009017072925877856	"l"	"present"	"verified"	300	16635.11	50	1000	1	1663.511	"Niskin bottle"	"phytoplankton"	"Flagellates"				
5	60	"AT"	5	"cells/l"	"Olisthodiscus"	"sp."	2017	"GlacierFront2017"	"Kb7"	"PHT-036"	"species"	"Occurrence"	3327.022	3	0.0009017072925877856	"l"	"present"	"verified"	300	16635.11	50	1000	1	166.3511	"Niskin bottle"	"phytoplankton"					
5	60	"AT"	5	"cells/l"	"Gymnodinium"	"sp."	2017	"GlacierFront2017"	"Kb7"	"PHT-036"	"species"	"Occurrence"	5545.03666666667	5	0.0009017072925877856	"l"	"present"	"verified"	300	16635.11	50	1000	1	277.251833333333	"Niskin bottle"	"phytoplankton"	"Gymnodinium sp. 10-20um"				
5	60	"AT"	5	"cells/l"	"Cryptomonas"	"sp."	2017	"GlacierFront2017"	"Kb7"	"PHT-036"	"species"	"Occurrence"	34379.2273333333	31	0.0009017072925877856	"l"	"present"	"verified"	300	16635.11	50	1000	1	1718.96136666667	"Niskin bottle"	"phytoplankton"					
5	60	"AT"	5	"cells/l"	"Eukaryota incertae sedis"	"indet."	2017	"GlacierFront2017"	"Kb7"	"PHT-036"		"Occurrence"	11090.0733333333	10	0.0009017072925877856	"l"	"present"	"verified"	300	16635.11	50	1000	1	554.503666666667	"Niskin bottle"	"phytoplankton"	"Flagellates"				
5	60	"AT"	5	"cells/l"	"Chrysophyceae"	"indet."	2017	"GlacierFront2017"	"Kb7"	"PHT-036"		"Occurrence"	2218.01466666667	2	0.0009017072925877856	"l"	"present"	"verified"	300	16635.11	50	1000	1	110.900733333333	"Niskin bottle"	"phytoplankton"	"Chrysophycean"		"cyst"		
5	60	"AT"	5	"cells/l"	"Teleaulax"	"sp."	2017	"GlacierFront2017"	"Kb7"	"PHT-036"	"species"	"Occurrence"	1109.00733333333	1	0.0009017072925877856	"l"	"present"	"verified"	300	16635.11	50	1000	1	55.4503666666667	"Niskin bottle"	"phytoplankton"					
5	60	"AT"	5	"cells/l"	"Oxyrrhis"	"sp."	2017	"GlacierFront2017"	"Kb7"	"PHT-036"	"species"	"Occurrence"	1109.00733333333	1	0.0009017072925877856	"l"	"present"	"verified"	300	16635.11	50	1000	1	55.4503666666667	"Niskin bottle"	"phytoplankton"					
5	60	"AT"	5	"cells/l"	"Gymnodinium simplex"		2017	"GlacierFront2017"	"Kb7"	"PHT-036"		"Occurrence"	15526.1026666667	14	0.0009017072925877856	"l"	"present"	"verified"	300	16635.11	50	1000	1	776.305133333333	"Niskin bottle"	"phytoplankton"					
5	60	"AT"	5	"cells/l"	"Leucocryptos marina"		2017	"GlacierFront2017"	"Kb7"	"PHT-036"		"Occurrence"	1109.00733333333	1	0.0009017072925877856	"l"	"present"	"verified"	300	16635.11	50	1000	1	55.4503666666667	"Niskin bottle"	"phytoplankton"					
5	60	"AT"	5	"cells/l"	"Algirosphaera robusta"		2017	"GlacierFront2017"	"Kb7"	"PHT-036"		"Occurrence"	2218.01466666667	2	0.0009017072925877856	"l"	"present"	"verified"	300	16635.11	50	1000	1	110.900733333333	"Niskin bottle"	"phytoplankton"					
5	60	"AT"	5	"cells/l"	"Gonyaulax gracilis"		2017	"GlacierFront2017"	"Kb7"	"PHT-036"		"Occurrence"	4436.02933333333	4	0.0009017072925877856	"l"	"present"	"verified"	300	16635.11	50	1000	1	221.801466666667	"Niskin bottle"	"phytoplankton"					
5	60	"AT"	5	"cells/l"	"Chrysophyceae"	"indet."	2017	"GlacierFront2017"	"Kb7"	"PHT-036"		"Occurrence"	1109.00733333333	1	0.0009017072925877856	"l"	"present"	"verified"	300	16635.11	50	1000	1	55.4503666666667	"Niskin bottle"	"phytoplankton"	"Chrysophycean"		"cyst"		
5	60	"AT"	5	"cells/l"	"Gymnodinium"	"sp. cf. G. gracilentum"	2017	"GlacierFront2017"	"Kb7"	"PHT-036"	"species"	"Occurrence"	4436.02933333333	4	0.0009017072925877856	"l"	"present"	"verified"	300	16635.11	50	1000	1	221.801466666667	"Niskin bottle"	"phytoplankton"					
5	60	"AT"	5	"cells/l"	"Gymnodinium galeatum"		2017	"GlacierFront2017"	"Kb7"	"PHT-036"		"Occurrence"	3327.022	3	0.0009017072925877856	"l"	"present"	"verified"	300	16635.11	50	1000	1	166.3511	"Niskin bottle"	"phytoplankton"					
5	60	"AT"	5	"cells/l"	"Tintinnopsis"	"sp."	2017	"GlacierFront2017"	"Kb7"	"PHT-036"	"species"	"Occurrence"	1109.00733333333	1	0.0009017072925877856	"l"	"present"	"verified"	300	16635.11	50	1000	1	55.4503666666667	"Niskin bottle"	"phytoplankton"		"aglutinating"			
5	60	"AT"	5	"cells/l"	"Phaeocystis pouchetii"		2017	"GlacierFront2017"	"Kb7"	"PHT-036"		"Occurrence"	1109.00733333333	1	0.0009017072925877856	"l"	"present"	"verified"	300	16635.11	50	1000	1	55.4503666666667	"Niskin bottle"	"phytoplankton"					
10	60	"AT"	10	"cells/l"	"Prorocentrum cordatum"		2017	"GlacierFront2017"	"KpM1"	"PHT-013"		"Occurrence"	831.7555	1	0.0012022763901170476	"l"	"present"	"verified"	400	16635.11	50	1000	1	41.587775	"Niskin bottle"	"phytoplankton"					
10	60	"AT"	10	"cells/l"	"Leucocryptos marina"		2017	"GlacierFront2017"	"KpM1"	"PHT-013"		"Occurrence"	831.7555	1	0.0012022763901170476	"l"	"present"	"verified"	400	16635.11	50	1000	1	41.587775	"Niskin bottle"	"phytoplankton"					
10	60	"AT"	10	"cells/l"	"Gymnodinium simplex"		2017	"GlacierFront2017"	"KpM1"	"PHT-013"		"Occurrence"	1663.511	2	0.0012022763901170476	"l"	"present"	"verified"	400	16635.11	50	1000	1	83.17555	"Niskin bottle"	"phytoplankton"					
10	60	"AT"	10	"cells/l"	"Dinophyceae"	"indet."	2017	"GlacierFront2017"	"KpM1"	"PHT-013"		"Occurrence"	831.7555	1	0.0012022763901170476	"l"	"present"	"verified"	400	16635.11	50	1000	1	41.587775	"Niskin bottle"	"phytoplankton"	"Dinophycean"	"„złote”"	"cyst"		
10	60	"AT"	10	"cells/l"	"Eukaryota incertae sedis"	"indet."	2017	"GlacierFront2017"	"KpM1"	"PHT-013"		"Occurrence"	1663.511	2	0.0012022763901170476	"l"	"present"	"verified"	400	16635.11	50	1000	1	83.17555	"Niskin bottle"	"phytoplankton"	"Flagellates"				
1	60	"AT"	1	"cells/l"	"Eutreptiella"	"sp."	2017	"GlacierFront2017"	"CpS1"	"PHT-031"	"species"	"Occurrence"	134154.112903226	50	0.00037270568093628477	"l"	"present"	"verified"	124	16635.11	50	1000	1	6707.70564516129	"Niskin bottle"	"phytoplankton"					
1	60	"AT"	1	"cells/l"	"Cryptomonas"	"sp."	2017	"GlacierFront2017"	"CpS1"	"PHT-031"	"species"	"Occurrence"	8926.15658536585	11	0.0012323332998699736	"l"	"present"	"verified"	410	16635.11	50	1000	1	446.307829268293	"Niskin bottle"	"phytoplankton"					
1	60	"AT"	1	"cells/l"	"Eukaryota incertae sedis"	"indet."	2017	"GlacierFront2017"	"CpS1"	"PHT-031"		"Occurrence"	8114.68780487805	10	0.0012323332998699736	"l"	"present"	"verified"	410	16635.11	50	1000	1	405.734390243902	"Niskin bottle"	"phytoplankton"	"Flagellates"				
1	60	"AT"	1	"cells/l"	"Pyramimonas"	"sp."	2017	"GlacierFront2017"	"CpS1"	"PHT-031"	"species"	"Occurrence"	23532.5946341463	29	0.0012323332998699736	"l"	"present"	"verified"	410	16635.11	50	1000	1	1176.62973170732	"Niskin bottle"	"phytoplankton"					
1	60	"AT"	1	"cells/l"	"Gymnodinium simplex"		2017	"GlacierFront2017"	"CpS1"	"PHT-031"		"Occurrence"	3245.87512195122	4	0.0012323332998699736	"l"	"present"	"verified"	410	16635.11	50	1000	1	162.293756097561	"Niskin bottle"	"phytoplankton"					
1	60	"AT"	1	"cells/l"	"Gymnodinium galeatum"		2017	"GlacierFront2017"	"CpS1"	"PHT-031"		"Occurrence"	811.468780487805	1	0.0012323332998699736	"l"	"present"	"verified"	410	16635.11	50	1000	1	40.5734390243902	"Niskin bottle"	"phytoplankton"					
1	60	"AT"	1	"cells/l"	"Prorocentrum cordatum"		2017	"GlacierFront2017"	"CpS1"	"PHT-031"		"Occurrence"	3245.87512195122	4	0.0012323332998699736	"l"	"present"	"verified"	410	16635.11	50	1000	1	162.293756097561	"Niskin bottle"	"phytoplankton"					
1	60	"AT"	1	"cells/l"	"Gymnodinium"	"sp. cf. G. gracilentum"	2017	"GlacierFront2017"	"CpS1"	"PHT-031"	"species"	"Occurrence"	3245.87512195122	4	0.0012323332998699736	"l"	"present"	"verified"	410	16635.11	50	1000	1	162.293756097561	"Niskin bottle"	"phytoplankton"					
1	60	"AT"	1	"cells/l"	"Chrysophyceae"	"indet."	2017	"GlacierFront2017"	"CpS1"	"PHT-031"		"Occurrence"	811.468780487805	1	0.0012323332998699736	"l"	"present"	"verified"	410	16635.11	50	1000	1	40.5734390243902	"Niskin bottle"	"phytoplankton"	"Chrysophycean"		"cyst"		
1	60	"AT"	1	"cells/l"	"Cylindrotheca closterium"		2017	"GlacierFront2017"	"CpS1"	"PHT-031"		"Occurrence"	811.468780487805	1	0.0012323332998699736	"l"	"present"	"verified"	410	16635.11	50	1000	1	40.5734390243902	"Niskin bottle"	"phytoplankton"					
1	60	"AT"	1	"cells/l"	"Eukaryota incertae sedis"	"indet."	2017	"GlacierFront2017"	"CpS1"	"PHT-031"		"Occurrence"	2434.40634146341	3	0.0012323332998699736	"l"	"present"	"verified"	410	16635.11	50	1000	1	121.720317073171	"Niskin bottle"	"phytoplankton"	"Flagellates"				
1	60	"AT"	1	"cells/l"	"Chrysophyceae"	"indet."	2017	"GlacierFront2017"	"CpS1"	"PHT-031"		"Occurrence"	1622.93756097561	2	0.0012323332998699736	"l"	"present"	"verified"	410	16635.11	50	1000	1	81.1468780487805	"Niskin bottle"	"phytoplankton"	"Chrysophycean"		"cyst"		
1	60	"AT"	1	"cells/l"	"Gonyaulax gracilis"		2017	"GlacierFront2017"	"CpS1"	"PHT-031"		"Occurrence"	811.468780487805	1	0.0012323332998699736	"l"	"present"	"verified"	410	16635.11	50	1000	1	40.5734390243902	"Niskin bottle"	"phytoplankton"					
10	60	"AT"	10	"cells/l"	"Chrysophyceae"	"indet."	2017	"GlacierFront2017"	"KpM5"	"PHT-002"		"Occurrence"	2482.85223880597	3	0.0012082877720676329	"l"	"present"	"verified"	402	16635.11	50	1000	1	124.142611940299	"Niskin bottle"	"phytoplankton"	"Chrysophycean"		"cyst"		
10	60	"AT"	10	"cells/l"	"Gymnodinium"	"sp."	2017	"GlacierFront2017"	"KpM5"	"PHT-002"	"species"	"Occurrence"	827.617412935323	1	0.0012082877720676329	"l"	"present"	"verified"	402	16635.11	50	1000	1	41.3808706467662	"Niskin bottle"	"phytoplankton"	"Gymnodinium sp. 10-20um"				
10	60	"AT"	10	"cells/l"	"Eutreptiella"	"sp."	2017	"GlacierFront2017"	"KpM5"	"PHT-002"	"species"	"Occurrence"	11586.6437810945	14	0.0012082877720676329	"l"	"present"	"verified"	402	16635.11	50	1000	1	579.332189054726	"Niskin bottle"	"phytoplankton"					
10	60	"AT"	10	"cells/l"	"Telonema"	"sp."	2017	"GlacierFront2017"	"KpM5"	"PHT-002"	"species"	"Occurrence"	827.617412935323	1	0.0012082877720676329	"l"	"present"	"verified"	402	16635.11	50	1000	1	41.3808706467662	"Niskin bottle"	"phytoplankton"					
10	60	"AT"	10	"cells/l"	"Pyramimonas"	"sp."	2017	"GlacierFront2017"	"KpM5"	"PHT-002"	"species"	"Occurrence"	4965.70447761194	6	0.0012082877720676329	"l"	"present"	"verified"	402	16635.11	50	1000	1	248.285223880597	"Niskin bottle"	"phytoplankton"					
10	60	"AT"	10	"cells/l"	"Eukaryota incertae sedis"	"indet."	2017	"GlacierFront2017"	"KpM5"	"PHT-002"		"Occurrence"	6620.93930348259	8	0.0012082877720676329	"l"	"present"	"verified"	402	16635.11	50	1000	1	331.046965174129	"Niskin bottle"	"phytoplankton"	"Flagellates"				
10	60	"AT"	10	"cells/l"	"Oxyrrhis"	"sp."	2017	"GlacierFront2017"	"KpM5"	"PHT-002"	"species"	"Occurrence"	827.617412935323	1	0.0012082877720676329	"l"	"present"	"verified"	402	16635.11	50	1000	1	41.3808706467662	"Niskin bottle"	"phytoplankton"					
10	60	"AT"	10	"cells/l"	"Lohmanniella oviformis"		2017	"GlacierFront2017"	"KpM5"	"PHT-002"		"Occurrence"	827.617412935323	1	0.0012082877720676329	"l"	"present"	"verified"	402	16635.11	50	1000	1	41.3808706467662	"Niskin bottle"	"phytoplankton"					
10	60	"AT"	10	"cells/l"	"Dinophyceae"	"indet."	2017	"GlacierFront2017"	"KpM5"	"PHT-002"		"Occurrence"	827.617412935323	1	0.0012082877720676329	"l"	"present"	"verified"	402	16635.11	50	1000	1	41.3808706467662	"Niskin bottle"	"phytoplankton"	"Dinophycean"	"10-20um"	"cyst"		
10	60	"AT"	10	"cells/l"	"Phalacroma rotundatum"		2017	"GlacierFront2017"	"KpM5"	"PHT-002"		"Occurrence"	827.617412935323	1	0.0012082877720676329	"l"	"present"	"verified"	402	16635.11	50	1000	1	41.3808706467662	"Niskin bottle"	"phytoplankton"	"Dinophysis rotundata"				
10	60	"AT"	10	"cells/l"	"Prorocentrum cordatum"		2017	"GlacierFront2017"	"KpM5"	"PHT-002"		"Occurrence"	827.617412935323	1	0.0012082877720676329	"l"	"present"	"verified"	402	16635.11	50	1000	1	41.3808706467662	"Niskin bottle"	"phytoplankton"					
10	60	"AT"	10	"cells/l"	"Dinophyceae"	"indet."	2017	"GlacierFront2017"	"KpM5"	"PHT-002"		"Occurrence"	827.617412935323	1	0.0012082877720676329	"l"	"present"	"verified"	402	16635.11	50	1000	1	41.3808706467662	"Niskin bottle"	"phytoplankton"	"Dinophycean"	"„złote”"	"cyst"		
1	60	"AT"	1	"cells/l"	"Eutreptiella"	"sp."	2017	"GlacierFront2017"	"CpS2"	"PHT-032"	"species"	"Occurrence"	426541.282051282	50	0.00011722194803641215	"l"	"present"	"verified"	39	16635.11	50	1000	1	21327.0641025641	"Niskin bottle"	"phytoplankton"					
1	60	"AT"	1	"cells/l"	"Gymnodinium"	"sp."	2017	"GlacierFront2017"	"CpS2"	"PHT-032"	"species"	"Occurrence"	9981.066	9	0.0009017072925877856	"l"	"present"	"verified"	300	16635.11	50	1000	1	499.0533	"Niskin bottle"	"phytoplankton"	"Gymnodinium sp. 10-20um"				
1	60	"AT"	1	"cells/l"	"Pyramimonas"	"sp."	2017	"GlacierFront2017"	"CpS2"	"PHT-032"	"species"	"Occurrence"	46578.308	42	0.0009017072925877856	"l"	"present"	"verified"	300	16635.11	50	1000	1	2328.9154	"Niskin bottle"	"phytoplankton"					
1	60	"AT"	1	"cells/l"	"Eukaryota incertae sedis"	"indet."	2017	"GlacierFront2017"	"CpS2"	"PHT-032"		"Occurrence"	3327.022	3	0.0009017072925877856	"l"	"present"	"verified"	300	16635.11	50	1000	1	166.3511	"Niskin bottle"	"phytoplankton"	"Flagellates"				
1	60	"AT"	1	"cells/l"	"Chrysophyceae"	"indet."	2017	"GlacierFront2017"	"CpS2"	"PHT-032"		"Occurrence"	3327.022	3	0.0009017072925877856	"l"	"present"	"verified"	300	16635.11	50	1000	1	166.3511	"Niskin bottle"	"phytoplankton"	"Chrysophycean"		"cyst"		
1	60	"AT"	1	"cells/l"	"Gonyaulax gracilis"		2017	"GlacierFront2017"	"CpS2"	"PHT-032"		"Occurrence"	1109.00733333333	1	0.0009017072925877856	"l"	"present"	"verified"	300	16635.11	50	1000	1	55.4503666666667	"Niskin bottle"	"phytoplankton"					
1	60	"AT"	1	"cells/l"	"Tintinnopsis"	"sp."	2017	"GlacierFront2017"	"CpS2"	"PHT-032"	"species"	"Occurrence"	1109.00733333333	1	0.0009017072925877856	"l"	"present"	"verified"	300	16635.11	50	1000	1	55.4503666666667	"Niskin bottle"	"phytoplankton"		"aglutinating"			
1	60	"AT"	1	"cells/l"	"Gymnodinium simplex"		2017	"GlacierFront2017"	"CpS2"	"PHT-032"		"Occurrence"	1109.00733333333	1	0.0009017072925877856	"l"	"present"	"verified"	300	16635.11	50	1000	1	55.4503666666667	"Niskin bottle"	"phytoplankton"					
1	60	"AT"	1	"cells/l"	"Gymnodinium"	"sp. cf. G. gracilentum"	2017	"GlacierFront2017"	"CpS2"	"PHT-032"	"species"	"Occurrence"	4436.02933333333	4	0.0009017072925877856	"l"	"present"	"verified"	300	16635.11	50	1000	1	221.801466666667	"Niskin bottle"	"phytoplankton"					
1	60	"AT"	1	"cells/l"	"Gymnodinium"	"sp. cf. G. wulffii"	2017	"GlacierFront2017"	"CpS2"	"PHT-032"	"species"	"Occurrence"	1109.00733333333	1	0.0009017072925877856	"l"	"present"	"verified"	300	16635.11	50	1000	1	55.4503666666667	"Niskin bottle"	"phytoplankton"					
1	60	"AT"	1	"cells/l"	"Prorocentrum cordatum"		2017	"GlacierFront2017"	"CpS2"	"PHT-032"		"Occurrence"	4436.02933333333	4	0.0009017072925877856	"l"	"present"	"verified"	300	16635.11	50	1000	1	221.801466666667	"Niskin bottle"	"phytoplankton"					
1	60	"AT"	1	"cells/l"	"Dinophyceae"	"indet."	2017	"GlacierFront2017"	"CpS2"	"PHT-032"		"Occurrence"	1109.00733333333	1	0.0009017072925877856	"l"	"present"	"verified"	300	16635.11	50	1000	1	55.4503666666667	"Niskin bottle"	"phytoplankton"	"Dinophycean"	"„złote”"	"cyst"		
1	60	"AT"	1	"cells/l"	"Eukaryota incertae sedis"	"indet."	2017	"GlacierFront2017"	"CpS2"	"PHT-032"		"Occurrence"	1109.00733333333	1	0.0009017072925877856	"l"	"present"	"verified"	300	16635.11	50	1000	1	55.4503666666667	"Niskin bottle"	"phytoplankton"	"Flagellates"				
1	60	"AT"	1	"cells/l"	"Teleaulax"	"sp."	2017	"GlacierFront2017"	"CpS2"	"PHT-032"	"species"	"Occurrence"	2218.01466666667	2	0.0009017072925877856	"l"	"present"	"verified"	300	16635.11	50	1000	1	110.900733333333	"Niskin bottle"	"phytoplankton"					
1	60	"AT"	1	"cells/l"	"Gymnodinium"	"sp."	2017	"GlacierFront2017"	"CpS2"	"PHT-032"	"species"	"Occurrence"	3327.022	3	0.0009017072925877856	"l"	"present"	"verified"	300	16635.11	50	1000	1	166.3511	"Niskin bottle"	"phytoplankton"	"Gymnodinium sp. 20-30um"				
1	60	"AT"	1	"cells/l"	"Gymnodinium galeatum"		2017	"GlacierFront2017"	"CpS2"	"PHT-032"		"Occurrence"	1109.00733333333	1	0.0009017072925877856	"l"	"present"	"verified"	300	16635.11	50	1000	1	55.4503666666667	"Niskin bottle"	"phytoplankton"					
1	60	"AT"	1	"cells/l"	"Leucocryptos marina"		2017	"GlacierFront2017"	"CpS2"	"PHT-032"		"Occurrence"	1109.00733333333	1	0.0009017072925877856	"l"	"present"	"verified"	300	16635.11	50	1000	1	55.4503666666667	"Niskin bottle"	"phytoplankton"					
1	60	"AT"	1	"cells/l"	"Oxyrrhis"	"sp."	2017	"GlacierFront2017"	"CpS2"	"PHT-032"	"species"	"Occurrence"	1109.00733333333	1	0.0009017072925877856	"l"	"present"	"verified"	300	16635.11	50	1000	1	55.4503666666667	"Niskin bottle"	"phytoplankton"					
5	60	"AT"	5	"cells/l"	"Pyramimonas"	"sp."	2017	"GlacierFront2017"	"CpS4"	"PHT-034"	"species"	"Occurrence"	34203.0299065421	33	0.0009648268030689307	"l"	"present"	"verified"	321	16635.11	50	1000	1	1710.1514953271	"Niskin bottle"	"phytoplankton"					
5	60	"AT"	5	"cells/l"	"Eutreptiella"	"sp."	2017	"GlacierFront2017"	"CpS4"	"PHT-034"	"species"	"Occurrence"	396074.047619048	50	0.00012623902096229	"l"	"present"	"verified"	42	16635.11	50	1000	1	19803.7023809524	"Niskin bottle"	"phytoplankton"					
5	60	"AT"	5	"cells/l"	"Eukaryota incertae sedis"	"indet."	2017	"GlacierFront2017"	"CpS4"	"PHT-034"		"Occurrence"	4145.82180685358	4	0.0009648268030689307	"l"	"present"	"verified"	321	16635.11	50	1000	1	207.291090342679	"Niskin bottle"	"phytoplankton"	"Flagellates"				
5	60	"AT"	5	"cells/l"	"Cryptomonas"	"sp."	2017	"GlacierFront2017"	"CpS4"	"PHT-034"	"species"	"Occurrence"	1036.4554517134	1	0.0009648268030689307	"l"	"present"	"verified"	321	16635.11	50	1000	1	51.8227725856698	"Niskin bottle"	"phytoplankton"					
5	60	"AT"	5	"cells/l"	"Olisthodiscus"	"sp."	2017	"GlacierFront2017"	"CpS4"	"PHT-034"	"species"	"Occurrence"	1036.4554517134	1	0.0009648268030689307	"l"	"present"	"verified"	321	16635.11	50	1000	1	51.8227725856698	"Niskin bottle"	"phytoplankton"					
5	60	"AT"	5	"cells/l"	"Prorocentrum cordatum"		2017	"GlacierFront2017"	"CpS4"	"PHT-034"		"Occurrence"	2072.91090342679	2	0.0009648268030689307	"l"	"present"	"verified"	321	16635.11	50	1000	1	103.64554517134	"Niskin bottle"	"phytoplankton"					
5	60	"AT"	5	"cells/l"	"Leucocryptos marina"		2017	"GlacierFront2017"	"CpS4"	"PHT-034"		"Occurrence"	1036.4554517134	1	0.0009648268030689307	"l"	"present"	"verified"	321	16635.11	50	1000	1	51.8227725856698	"Niskin bottle"	"phytoplankton"					
5	60	"AT"	5	"cells/l"	"Eukaryota incertae sedis"		2017	"GlacierFront2017"	"CpS4"	"PHT-034"		"Occurrence"	1036.4554517134	1	0.0009648268030689307	"l"	"present"	"verified"	321	16635.11	50	1000	1	51.8227725856698	"Niskin bottle"	"phytoplankton"				"aff. Telonema sp. undefined"	
5	60	"AT"	5	"cells/l"	"Eutreptiella"	"sp."	2017	"GlacierFront2017"	"CpS5"	"PHT-035"	"species"	"Occurrence"	616115.185185185	50	0.00008115365633290071	"l"	"present"	"verified"	27	16635.11	50	1000	1	30805.7592592593	"Niskin bottle"	"phytoplankton"					
5	60	"AT"	5	"cells/l"	"Gymnodinium"	"sp."	2017	"GlacierFront2017"	"CpS5"	"PHT-035"	"species"	"Occurrence"	3119.083125	3	0.000961821112093638	"l"	"present"	"verified"	320	16635.11	50	1000	1	155.95415625	"Niskin bottle"	"phytoplankton"	"Gymnodinium sp. 10-20um"				
5	60	"AT"	5	"cells/l"	"Telonema"	"sp."	2017	"GlacierFront2017"	"CpS5"	"PHT-035"	"species"	"Occurrence"	1039.694375	1	0.000961821112093638	"l"	"present"	"verified"	320	16635.11	50	1000	1	51.98471875	"Niskin bottle"	"phytoplankton"					
5	60	"AT"	5	"cells/l"	"Pyramimonas"	"sp."	2017	"GlacierFront2017"	"CpS5"	"PHT-035"	"species"	"Occurrence"	536616.451612903	50	0.00009317642023407119	"l"	"present"	"verified"	31	16635.11	50	1000	1	26830.8225806452	"Niskin bottle"	"phytoplankton"					
5	60	"AT"	5	"cells/l"	"Gymnodinium galeatum"		2017	"GlacierFront2017"	"CpS5"	"PHT-035"		"Occurrence"	1039.694375	1	0.000961821112093638	"l"	"present"	"verified"	320	16635.11	50	1000	1	51.98471875	"Niskin bottle"	"phytoplankton"					
5	60	"AT"	5	"cells/l"	"Gymnodinium simplex"		2017	"GlacierFront2017"	"CpS5"	"PHT-035"		"Occurrence"	5198.471875	5	0.000961821112093638	"l"	"present"	"verified"	320	16635.11	50	1000	1	259.92359375	"Niskin bottle"	"phytoplankton"					
5	60	"AT"	5	"cells/l"	"Prorocentrum cordatum"		2017	"GlacierFront2017"	"CpS5"	"PHT-035"		"Occurrence"	7277.860625	7	0.000961821112093638	"l"	"present"	"verified"	320	16635.11	50	1000	1	363.89303125	"Niskin bottle"	"phytoplankton"					
5	60	"AT"	5	"cells/l"	"Eukaryota incertae sedis"	"indet."	2017	"GlacierFront2017"	"CpS5"	"PHT-035"		"Occurrence"	7277.860625	7	0.000961821112093638	"l"	"present"	"verified"	320	16635.11	50	1000	1	363.89303125	"Niskin bottle"	"phytoplankton"	"Flagellates"				
5	60	"AT"	5	"cells/l"	"Olisthodiscus"	"sp."	2017	"GlacierFront2017"	"CpS5"	"PHT-035"	"species"	"Occurrence"	1039.694375	1	0.000961821112093638	"l"	"present"	"verified"	320	16635.11	50	1000	1	51.98471875	"Niskin bottle"	"phytoplankton"					
5	60	"AT"	5	"cells/l"	"Oxyrrhis"	"sp."	2017	"GlacierFront2017"	"CpS5"	"PHT-035"	"species"	"Occurrence"	2079.38875	2	0.000961821112093638	"l"	"present"	"verified"	320	16635.11	50	1000	1	103.9694375	"Niskin bottle"	"phytoplankton"					
5	60	"AT"	5	"cells/l"	"Cryptomonas"	"sp."	2017	"GlacierFront2017"	"CpS5"	"PHT-035"	"species"	"Occurrence"	2079.38875	2	0.000961821112093638	"l"	"present"	"verified"	320	16635.11	50	1000	1	103.9694375	"Niskin bottle"	"phytoplankton"					
5	60	"AT"	5	"cells/l"	"Eukaryota incertae sedis"	"indet."	2017	"GlacierFront2017"	"CpS5"	"PHT-035"		"Occurrence"	2079.38875	2	0.000961821112093638	"l"	"present"	"verified"	320	16635.11	50	1000	1	103.9694375	"Niskin bottle"	"phytoplankton"	"Flagellates"				
5	60	"AT"	5	"cells/l"	"Gymnodinium"	"sp. cf. G. wulffii"	2017	"GlacierFront2017"	"CpS5"	"PHT-035"	"species"	"Occurrence"	1039.694375	1	0.000961821112093638	"l"	"present"	"verified"	320	16635.11	50	1000	1	51.98471875	"Niskin bottle"	"phytoplankton"					
5	60	"AT"	5	"cells/l"	"Chrysophyceae"	"indet."	2017	"GlacierFront2017"	"CpS5"	"PHT-035"		"Occurrence"	2079.38875	2	0.000961821112093638	"l"	"present"	"verified"	320	16635.11	50	1000	1	103.9694375	"Niskin bottle"	"phytoplankton"	"Chrysophycean"		"cyst"		
5	60	"AT"	5	"cells/l"	"Gonyaulax gracilis"		2017	"GlacierFront2017"	"CpS5"	"PHT-035"		"Occurrence"	1039.694375	1	0.000961821112093638	"l"	"present"	"verified"	320	16635.11	50	1000	1	51.98471875	"Niskin bottle"	"phytoplankton"					
