"maximumDepthInMeters"	"magnification"	"identifiedBy"	"minimumDepthInMeters"	"organismQuantityType"	"scientificName"	"year"	"expedition"	"locationID"	"fieldNumber"	"previousIdentifications"	"basisOfRecord"	"organismQuantity"	"individualCount"	"sampleSizeValue"	"sampleSizeUnit"	"occurrenceStatus"	"quantificationStatus"	"fieldsInCount"	"maxFields"	"takenVolume"	"bottleVolume"	"initialVolume"	"cellsInChamber"	"gear"	"sampletype"	"identificationQualifier"	"taxonRank"	"occurrenceRemarks"	"Taxon_full"	"K"	"verbatimTaxon"	"organismRemarks"
5	40	"JMW"	5	"cells/l"	"Prorocentrum cordatum"	2015	"MOSJ2015"	"KB2"	"PHT-28"	"Prorocentrum minimum"	"Occurrence"	12592.7714285714	3	0.00023823191082412358	"l"	"present"	"verified"	21	4407.47	50	1000	1	629.638571428571	"Niskin bottle"	"phytoplankton"							
5	40	"JMW"	5	"cells/l"	"Statocysta of Dinobryon"	2015	"MOSJ2015"	"KB2"	"PHT-28"		"Occurrence"	4197.59047619048	1	0.00023823191082412358	"l"	"present"	"verified"	21	4407.47	50	1000	1	209.879523809524	"Niskin bottle"	"phytoplankton"	"sp."	"species"					
5	40	"JMW"	5	"cells/l"	"Cryptophyta"	2015	"MOSJ2015"	"KB2"	"PHT-28"		"Occurrence"	54568.6761904762	13	0.00023823191082412358	"l"	"present"	"verified"	21	4407.47	50	1000	1	2728.43380952381	"Niskin bottle"	"phytoplankton"	"indet."						
5	40	"JMW"	5	"cells/l"	"Prymnesiophyceae"	2015	"MOSJ2015"	"KB2"	"PHT-28"		"Occurrence"	4197.59047619048	1	0.00023823191082412358	"l"	"present"	"verified"	21	4407.47	50	1000	1	209.879523809524	"Niskin bottle"	"phytoplankton"	"indet."						
5	40	"JMW"	5	"cells/l"	"Gymnodinium simplex"	2015	"MOSJ2015"	"KB2"	"PHT-28"		"Occurrence"	8395.18095238095	2	0.00023823191082412358	"l"	"present"	"verified"	21	4407.47	50	1000	1	419.759047619048	"Niskin bottle"	"phytoplankton"							
5	40	"JMW"	5	"cells/l"	"Telonema subtile"	2015	"MOSJ2015"	"KB2"	"PHT-28"	"Telonemma subtilis"	"Occurrence"	12592.7714285714	3	0.00023823191082412358	"l"	"present"	"verified"	21	4407.47	50	1000	1	629.638571428571	"Niskin bottle"	"phytoplankton"							
5	40	"JMW"	5	"cells/l"	"Eukaryota incertae sedis"	2015	"MOSJ2015"	"KB2"	"PHT-28"	"Flagellates"	"Occurrence"	83951.8095238095	20	0.00023823191082412358	"l"	"present"	"verified"	21	4407.47	50	1000	1	4197.59047619048	"Niskin bottle"	"phytoplankton"	"indet."						
5	40	"JMW"	5	"cells/l"	"Eukaryota incertae sedis"	2015	"MOSJ2015"	"KB2"	"PHT-28"	"Flagellates"	"Occurrence"	20987.9523809524	5	0.00023823191082412358	"l"	"present"	"verified"	21	4407.47	50	1000	1	1049.39761904762	"Niskin bottle"	"phytoplankton"	"indet."						
10	10	"JMW"	10	"cells/l"	"Acanthostomella norvegica"	2015	"MOSJ2015"	"KB2"	"PHT-27"	"Acantostomella norvegica"	"Occurrence"	47.6459259259259	1	0.0209881533534405	"l"	"present"	"verified"	135	321.61	50	1000	1	2.3822962962963	"Niskin bottle"	"phytoplankton"							
10	40	"JMW"	10	"cells/l"	"Eukaryota incertae sedis"	2015	"MOSJ2015"	"KB2"	"PHT-27"	"Flagellates"	"Occurrence"	44074.7	9	0.00020419878070639162	"l"	"present"	"verified"	18	4407.47	50	1000	1	2203.735	"Niskin bottle"	"phytoplankton"	"indet."						
10	40	"JMW"	10	"cells/l"	"Eukaryota incertae sedis"	2015	"MOSJ2015"	"KB2"	"PHT-27"	"Flagellates"	"Occurrence"	323214.466666667	66	0.00020419878070639162	"l"	"present"	"verified"	18	4407.47	50	1000	1	16160.7233333333	"Niskin bottle"	"phytoplankton"	"indet."						
10	40	"JMW"	10	"cells/l"	"Phaeocystis pouchetii"	2015	"MOSJ2015"	"KB2"	"PHT-27"		"Occurrence"	333008.844444444	68	0.00020419878070639162	"l"	"present"	"verified"	18	4407.47	50	1000	1	16650.4422222222	"Niskin bottle"	"phytoplankton"							
10	40	"JMW"	10	"cells/l"	"Gymnodinium"	2015	"MOSJ2015"	"KB2"	"PHT-27"		"Occurrence"	4897.18888888889	1	0.00020419878070639162	"l"	"present"	"verified"	18	4407.47	50	1000	1	244.859444444444	"Niskin bottle"	"phytoplankton"	"sp. cf. G. Arcticum"	"species"					
10	40	"JMW"	10	"cells/l"	"Telonema subtile"	2015	"MOSJ2015"	"KB2"	"PHT-27"	"Telonemma subtilis"	"Occurrence"	14691.5666666667	3	0.00020419878070639162	"l"	"present"	"verified"	18	4407.47	50	1000	1	734.578333333333	"Niskin bottle"	"phytoplankton"							
10	40	"JMW"	10	"cells/l"	"Gymnodiniales"	2015	"MOSJ2015"	"KB2"	"PHT-27"	"Gymnodiniales indet 10um"	"Occurrence"	88149.4	18	0.00020419878070639162	"l"	"present"	"verified"	18	4407.47	50	1000	1	4407.47	"Niskin bottle"	"phytoplankton"	"indet."						
10	40	"JMW"	10	"cells/l"	"Cryptophyta"	2015	"MOSJ2015"	"KB2"	"PHT-27"		"Occurrence"	34280.3222222222	7	0.00020419878070639162	"l"	"present"	"verified"	18	4407.47	50	1000	1	1714.01611111111	"Niskin bottle"	"phytoplankton"	"indet."						
10	40	"JMW"	10	"cells/l"	"Oxyrrhis marina"	2015	"MOSJ2015"	"KB2"	"PHT-27"	"Oxyrhis marina"	"Occurrence"	4897.18888888889	1	0.00020419878070639162	"l"	"present"	"verified"	18	4407.47	50	1000	1	244.859444444444	"Niskin bottle"	"phytoplankton"							
10	40	"JMW"	10	"cells/l"	"Plagioselmis"	2015	"MOSJ2015"	"KB2"	"PHT-27"		"Occurrence"	9794.37777777778	2	0.00020419878070639162	"l"	"present"	"verified"	18	4407.47	50	1000	1	489.718888888889	"Niskin bottle"	"phytoplankton"	"sp."	"species"					
10	40	"JMW"	10	"cells/l"	"Statocysta of Dinobryon"	2015	"MOSJ2015"	"KB2"	"PHT-27"		"Occurrence"	4897.18888888889	1	0.00020419878070639162	"l"	"present"	"verified"	18	4407.47	50	1000	1	244.859444444444	"Niskin bottle"	"phytoplankton"	"sp."	"species"					
10	40	"JMW"	10	"cells/l"	"Prorocentrum cordatum"	2015	"MOSJ2015"	"KB2"	"PHT-27"	"Prorocentrum minimum"	"Occurrence"	4897.18888888889	1	0.00020419878070639162	"l"	"present"	"verified"	18	4407.47	50	1000	1	244.859444444444	"Niskin bottle"	"phytoplankton"							
100	40	"iopan.pl"	100	"cells/l"	"Eukaryota incertae sedis"	2015	"MOSJ2015"	"KB1"	"PHT-29"		"Occurrence"	19588.7555555556	4	0.00020419878070639162	"l"	"present"	"verified"	18	4407.47	50	1000	1	979.437777777778	"Niskin bottle"	"phytoplankton"			"Coccal cells"				
100	40	"iopan.pl"	100	"cells/l"	"Eukaryota incertae sedis"	2015	"MOSJ2015"	"KB1"	"PHT-29"	"Flagellates"	"Occurrence"	93046.5888888889	19	0.00020419878070639162	"l"	"present"	"verified"	18	4407.47	50	1000	1	4652.32944444445	"Niskin bottle"	"phytoplankton"	"indet."						
100	40	"iopan.pl"	100	"cells/l"	"Gymnodinium"	2015	"MOSJ2015"	"KB1"	"PHT-29"	"Gymnodinium sp. 10um"	"Occurrence"	39177.5111111111	8	0.00020419878070639162	"l"	"present"	"verified"	18	4407.47	50	1000	1	1958.87555555556	"Niskin bottle"	"phytoplankton"	"sp."	"species"					
100	40	"iopan.pl"	100	"cells/l"	"Gymnodinium"	2015	"MOSJ2015"	"KB1"	"PHT-29"		"Occurrence"	14691.5666666667	3	0.00020419878070639162	"l"	"present"	"verified"	18	4407.47	50	1000	1	734.578333333333	"Niskin bottle"	"phytoplankton"	"sp. cf. G. Arcticum"	"species"					
100	40	"iopan.pl"	100	"cells/l"	"Cryptophyta"	2015	"MOSJ2015"	"KB1"	"PHT-29"		"Occurrence"	19588.7555555556	4	0.00020419878070639162	"l"	"present"	"verified"	18	4407.47	50	1000	1	979.437777777778	"Niskin bottle"	"phytoplankton"	"indet."						
100	40	"iopan.pl"	100	"cells/l"	"Telonema subtile"	2015	"MOSJ2015"	"KB1"	"PHT-29"	"Telonemma subtilis"	"Occurrence"	34280.3222222222	7	0.00020419878070639162	"l"	"present"	"verified"	18	4407.47	50	1000	1	1714.01611111111	"Niskin bottle"	"phytoplankton"							
100	40	"iopan.pl"	100	"cells/l"	"Eukaryota incertae sedis"	2015	"MOSJ2015"	"KB1"	"PHT-29"	"Biflagellates"	"Occurrence"	4897.18888888889	1	0.00020419878070639162	"l"	"present"	"verified"	18	4407.47	50	1000	1	244.859444444444	"Niskin bottle"	"phytoplankton"	"indet."						
100	40	"iopan.pl"	100	"cells/l"	"Pyramimonas"	2015	"MOSJ2015"	"KB1"	"PHT-29"		"Occurrence"	4897.18888888889	1	0.00020419878070639162	"l"	"present"	"verified"	18	4407.47	50	1000	1	244.859444444444	"Niskin bottle"	"phytoplankton"	"sp."	"species"					
100	40	"iopan.pl"	100	"cells/l"	"Eukaryota incertae sedis"	2015	"MOSJ2015"	"KB1"	"PHT-29"	"Flagellates"	"Occurrence"	4897.18888888889	1	0.00020419878070639162	"l"	"present"	"verified"	18	4407.47	50	1000	1	244.859444444444	"Niskin bottle"	"phytoplankton"	"indet."						
20		"iopan.pl"	20	"cells/l"	"Acanthostomella norvegica"	2015	"MOSJ2015"	"KB6"	"PHT-08"	"Acantostomella norvegica"	"Occurrence"				"l"	"present"	"incalculable"		321.61					"handnet"	"handnet"			"0-20"				
20		"iopan.pl"	20	"cells/l"	"Lohmanniella oviformis"	2015	"MOSJ2015"	"KB6"	"PHT-08"		"Occurrence"				"l"	"present"	"incalculable"		321.61					"handnet"	"handnet"			"0-20"				
20		"iopan.pl"	20	"cells/l"	"Tintinidae"	2015	"MOSJ2015"	"KB6"	"PHT-08"	"Tintinnida aglutin."	"Occurrence"				"l"	"present"	"incalculable"		321.61					"handnet"	"handnet"			"0-20"				
20		"iopan.pl"	20	"cells/l"	"Strombidium conicum"	2015	"MOSJ2015"	"KB6"	"PHT-08"		"Occurrence"				"l"	"present"	"incalculable"		321.61					"handnet"	"handnet"			"0-20"				
20		"iopan.pl"	20	"cells/l"	"Dinophysis acuminata"	2015	"MOSJ2015"	"KB6"	"PHT-08"		"Occurrence"				"l"	"present"	"incalculable"		321.61					"handnet"	"handnet"			"0-20"				
20		"iopan.pl"	20	"cells/l"	"Protoperidinium"	2015	"MOSJ2015"	"KB6"	"PHT-08"		"Occurrence"				"l"	"present"	"incalculable"		321.61					"handnet"	"handnet"	"sp. cf. P. curvipes"	"species"	"0-20"				
20		"iopan.pl"	20	"cells/l"	"Protoperidinium pellucidum"	2015	"MOSJ2015"	"KB6"	"PHT-08"		"Occurrence"				"l"	"present"	"incalculable"		321.61					"handnet"	"handnet"			"0-20"				
20		"iopan.pl"	20	"cells/l"	"Protoperidinium"	2015	"MOSJ2015"	"KB6"	"PHT-08"		"Occurrence"				"l"	"present"	"incalculable"		321.61					"handnet"	"handnet"	"sp."	"species"	"0-20"				
20		"iopan.pl"	20	"cells/l"	"Acanthostomella norvegica"	2015	"MOSJ2015"	"KB5"	"PHT-10"	"Acantostomella norvegica"	"Occurrence"				"l"	"present"	"incalculable"		321.61					"handnet"	"handnet"			"0-20"				
20		"iopan.pl"	20	"cells/l"	"Pleurosigma"	2015	"MOSJ2015"	"KB5"	"PHT-10"	"Pleuro/Gyrosigma"	"Occurrence"				"l"	"present"	"incalculable"		321.61					"handnet"	"handnet"			"0-20"				
20		"iopan.pl"	20	"cells/l"	"Tintinidae"	2015	"MOSJ2015"	"KB5"	"PHT-10"	"Tintinnida aglutin."	"Occurrence"				"l"	"present"	"incalculable"		321.61					"handnet"	"handnet"			"0-20"				
20		"iopan.pl"	20	"cells/l"	"Phalacroma rotundatum"	2015	"MOSJ2015"	"KB5"	"PHT-10"	"Dinophysis rotundata"	"Occurrence"				"l"	"present"	"incalculable"		321.61					"handnet"	"handnet"			"0-20"				
100	40	"iopan.pl"	100	"cells/l"	"Protoperidinium pallidum"	2015	"MOSJ2015"	"KB0"	"PHT-34"		"Occurrence"	68.4276595744681	1	0.014613973446099313	"l"	"present"	"verified"	94	321.61	50	1000	1	3.4213829787234	"Niskin bottle"	"phytoplankton"							
100	40	"iopan.pl"	100	"cells/l"	"Telonema subtile"	2015	"MOSJ2015"	"KB0"	"PHT-34"	"Telonemma subtilis"	"Occurrence"	32054.3272727273	8	0.00024957628753003423	"l"	"present"	"verified"	22	4407.47	50	1000	1	1602.71636363636	"Niskin bottle"	"phytoplankton"							
100	40	"iopan.pl"	100	"cells/l"	"Cryptophyta"	2015	"MOSJ2015"	"KB0"	"PHT-34"	"Cryptophyta indet. >10um"	"Occurrence"	8013.58181818182	2	0.00024957628753003423	"l"	"present"	"verified"	22	4407.47	50	1000	1	400.679090909091	"Niskin bottle"	"phytoplankton"	"indet."						
100	40	"iopan.pl"	100	"cells/l"	"Gymnodiniales"	2015	"MOSJ2015"	"KB0"	"PHT-34"	"Gymnodiniales indet 10um"	"Occurrence"	52088.2818181818	13	0.00024957628753003423	"l"	"present"	"verified"	22	4407.47	50	1000	1	2604.41409090909	"Niskin bottle"	"phytoplankton"	"indet."						
100	40	"iopan.pl"	100	"cells/l"	"Phaeocystis pouchetii"	2015	"MOSJ2015"	"KB0"	"PHT-34"	"Phaeocystis pouchetii 3um"	"Occurrence"	8013.58181818182	2	0.00024957628753003423	"l"	"present"	"verified"	22	4407.47	50	1000	1	400.679090909091	"Niskin bottle"	"phytoplankton"							
100	40	"iopan.pl"	100	"cells/l"	"Eukaryota incertae sedis"	2015	"MOSJ2015"	"KB0"	"PHT-34"	"Cocoid cell 7-10um"	"Occurrence"	12020.3727272727	3	0.00024957628753003423	"l"	"present"	"verified"	22	4407.47	50	1000	1	601.018636363636	"Niskin bottle"	"phytoplankton"			"Cocoid cell"				
100	40	"iopan.pl"	100	"cells/l"	"Eukaryota incertae sedis"	2015	"MOSJ2015"	"KB0"	"PHT-34"		"Occurrence"	100169.772727273	25	0.00024957628753003423	"l"	"present"	"verified"	22	4407.47	50	1000	1	5008.48863636364	"Niskin bottle"	"phytoplankton"			"Coccal cells"				
100	40	"iopan.pl"	100	"cells/l"	"Cryptophyta"	2015	"MOSJ2015"	"KB0"	"PHT-34"		"Occurrence"	36061.1181818182	9	0.00024957628753003423	"l"	"present"	"verified"	22	4407.47	50	1000	1	1803.05590909091	"Niskin bottle"	"phytoplankton"	"indet."						
100	40	"iopan.pl"	100	"cells/l"	"Eukaryota incertae sedis"	2015	"MOSJ2015"	"KB0"	"PHT-34"	"Cocoid cell 3-7um"	"Occurrence"	16027.1636363636	4	0.00024957628753003423	"l"	"present"	"verified"	22	4407.47	50	1000	1	801.358181818182	"Niskin bottle"	"phytoplankton"			"Cocoid cell"				
100	40	"iopan.pl"	100	"cells/l"	"Eukaryota incertae sedis"	2015	"MOSJ2015"	"KB0"	"PHT-34"	"Uniflagellates"	"Occurrence"	20033.9545454545	5	0.00024957628753003423	"l"	"present"	"verified"	22	4407.47	50	1000	1	1001.69772727273	"Niskin bottle"	"phytoplankton"	"indet."						
100	40	"iopan.pl"	100	"cells/l"	"Algirosphaera"	2015	"MOSJ2015"	"KB0"	"PHT-34"		"Occurrence"	4006.79090909091	1	0.00024957628753003423	"l"	"present"	"verified"	22	4407.47	50	1000	1	200.339545454545	"Niskin bottle"	"phytoplankton"							
100	40	"iopan.pl"	100	"cells/l"	"Plagioselmis"	2015	"MOSJ2015"	"KB0"	"PHT-34"		"Occurrence"	12020.3727272727	3	0.00024957628753003423	"l"	"present"	"verified"	22	4407.47	50	1000	1	601.018636363636	"Niskin bottle"	"phytoplankton"	"sp."	"species"					
100	40	"iopan.pl"	100	"cells/l"	"Pyramimonas"	2015	"MOSJ2015"	"KB0"	"PHT-34"		"Occurrence"	4006.79090909091	1	0.00024957628753003423	"l"	"present"	"verified"	22	4407.47	50	1000	1	200.339545454545	"Niskin bottle"	"phytoplankton"	"sp."	"species"					
100	40	"iopan.pl"	100	"cells/l"	"Chrysochromulina"	2015	"MOSJ2015"	"KB0"	"PHT-34"		"Occurrence"	28047.5363636364	7	0.00024957628753003423	"l"	"present"	"verified"	22	4407.47	50	1000	1	1402.37681818182	"Niskin bottle"	"phytoplankton"	"sp."	"species"					
100	40	"iopan.pl"	100	"cells/l"	"Eukaryota incertae sedis"	2015	"MOSJ2015"	"KB0"	"PHT-34"	"Biflagellates"	"Occurrence"	8013.58181818182	2	0.00024957628753003423	"l"	"present"	"verified"	22	4407.47	50	1000	1	400.679090909091	"Niskin bottle"	"phytoplankton"	"indet."						
25	10	"iopan.pl"	25	"cells/l"	"Eutreptiella"	2015	"MOSJ2015"	"KB0"	"PHT-36"		"Occurrence"	67.7073684210526	1	0.01476944124871739	"l"	"present"	"verified"	95	321.61	50	1000	1	3.38536842105263	"Niskin bottle"	"phytoplankton"	"sp."	"species"					
25	10	"iopan.pl"	25	"cells/l"	"Pronoctiluca"	2015	"MOSJ2015"	"KB0"	"PHT-36"		"Occurrence"	203.122105263158	3	0.01476944124871739	"l"	"present"	"verified"	95	321.61	50	1000	1	10.1561052631579	"Niskin bottle"	"phytoplankton"	"sp."	"species"					
25	10	"iopan.pl"	25	"cells/l"	"Leegaardiella sol"	2015	"MOSJ2015"	"KB0"	"PHT-36"	"Leegardiella sol"	"Occurrence"	135.414736842105	2	0.01476944124871739	"l"	"present"	"verified"	95	321.61	50	1000	1	6.77073684210526	"Niskin bottle"	"phytoplankton"							
25	10	"iopan.pl"	25	"cells/l"	"Mesodinium rubrum"	2015	"MOSJ2015"	"KB0"	"PHT-36"		"Occurrence"	203.122105263158	3	0.01476944124871739	"l"	"present"	"verified"	95	321.61	50	1000	1	10.1561052631579	"Niskin bottle"	"phytoplankton"							
25	10	"iopan.pl"	25	"cells/l"	"Strombidium"	2015	"MOSJ2015"	"KB0"	"PHT-36"		"Occurrence"	67.7073684210526	1	0.01476944124871739	"l"	"present"	"verified"	95	321.61	50	1000	1	3.38536842105263	"Niskin bottle"	"phytoplankton"	"indet."						
25	10	"iopan.pl"	25	"cells/l"	"Gyrodinium"	2015	"MOSJ2015"	"KB0"	"PHT-36"		"Occurrence"	67.7073684210526	1	0.01476944124871739	"l"	"present"	"verified"	95	321.61	50	1000	1	3.38536842105263	"Niskin bottle"	"phytoplankton"	"sp. cf. G. lachrima"	"species"					
25	10	"iopan.pl"	25	"cells/l"	"Protoperidinium cerasus"	2015	"MOSJ2015"	"KB0"	"PHT-36"		"Occurrence"	67.7073684210526	1	0.01476944124871739	"l"	"present"	"verified"	95	321.61	50	1000	1	3.38536842105263	"Niskin bottle"	"phytoplankton"							
25	40	"iopan.pl"	25	"cells/l"	"Phaeocystis pouchetii"	2015	"MOSJ2015"	"KB0"	"PHT-36"	"Phaeocystis pouchetii 3um"	"Occurrence"	16717.9896551724	11	0.0006579738489428175	"l"	"present"	"verified"	58	4407.47	50	1000	1	835.899482758621	"Niskin bottle"	"phytoplankton"							
25	40	"iopan.pl"	25	"cells/l"	"Eukaryota incertae sedis"	2015	"MOSJ2015"	"KB0"	"PHT-36"	"Cocoid cell 3-7um"	"Occurrence"	7599.08620689655	5	0.0006579738489428175	"l"	"present"	"verified"	58	4407.47	50	1000	1	379.954310344828	"Niskin bottle"	"phytoplankton"			"Cocoid cell"				
25	40	"iopan.pl"	25	"cells/l"	"Eukaryota incertae sedis"	2015	"MOSJ2015"	"KB0"	"PHT-36"		"Occurrence"	3039.63448275862	2	0.0006579738489428175	"l"	"present"	"verified"	58	4407.47	50	1000	1	151.981724137931	"Niskin bottle"	"phytoplankton"			"Coccal cells"				
25	40	"iopan.pl"	25	"cells/l"	"Eukaryota incertae sedis"	2015	"MOSJ2015"	"KB0"	"PHT-36"	"Biflagellates"	"Occurrence"	4559.45172413793	3	0.0006579738489428175	"l"	"present"	"verified"	58	4407.47	50	1000	1	227.972586206897	"Niskin bottle"	"phytoplankton"	"indet."						
25	40	"iopan.pl"	25	"cells/l"	"Eukaryota incertae sedis"	2015	"MOSJ2015"	"KB0"	"PHT-36"	"Uniflagellates"	"Occurrence"	1519.81724137931	1	0.0006579738489428175	"l"	"present"	"verified"	58	4407.47	50	1000	1	75.9908620689655	"Niskin bottle"	"phytoplankton"	"indet."						
25	40	"iopan.pl"	25	"cells/l"	"Oxyrrhis marina"	2015	"MOSJ2015"	"KB0"	"PHT-36"	"Oxyrhis marina"	"Occurrence"	1519.81724137931	1	0.0006579738489428175	"l"	"present"	"verified"	58	4407.47	50	1000	1	75.9908620689655	"Niskin bottle"	"phytoplankton"							
25	40	"iopan.pl"	25	"cells/l"	"Gymnodinium gracilentum"	2015	"MOSJ2015"	"KB0"	"PHT-36"	"Gymnodinium gracilientum"	"Occurrence"	6079.26896551724	4	0.0006579738489428175	"l"	"present"	"verified"	58	4407.47	50	1000	1	303.963448275862	"Niskin bottle"	"phytoplankton"							
25	40	"iopan.pl"	25	"cells/l"	"Gymnodiniales"	2015	"MOSJ2015"	"KB0"	"PHT-36"	"Gymnodiniales indet 10um"	"Occurrence"	1519.81724137931	1	0.0006579738489428175	"l"	"present"	"verified"	58	4407.47	50	1000	1	75.9908620689655	"Niskin bottle"	"phytoplankton"	"indet."						
25	40	"iopan.pl"	25	"cells/l"	"Teleaulax"	2015	"MOSJ2015"	"KB0"	"PHT-36"		"Occurrence"	1519.81724137931	1	0.0006579738489428175	"l"	"present"	"verified"	58	4407.47	50	1000	1	75.9908620689655	"Niskin bottle"	"phytoplankton"	"sp."	"species"					
25	40	"iopan.pl"	25	"cells/l"	"Coccolithophora"	2015	"MOSJ2015"	"KB0"	"PHT-36"	"Cocolitophores"	"Occurrence"	9118.90344827586	6	0.0006579738489428175	"l"	"present"	"verified"	58	4407.47	50	1000	1	455.945172413793	"Niskin bottle"	"phytoplankton"	"indet."						
25	40	"iopan.pl"	25	"cells/l"	"Gyrodinium"	2015	"MOSJ2015"	"KB0"	"PHT-36"	"Gyrodinium sp. cf G. fusiforme"	"Occurrence"	1519.81724137931	1	0.0006579738489428175	"l"	"present"	"verified"	58	4407.47	50	1000	1	75.9908620689655	"Niskin bottle"	"phytoplankton"	"sp. cf. G. fusiforme"	"species"					
25	40	"iopan.pl"	25	"cells/l"	"Eukaryota incertae sedis"	2015	"MOSJ2015"	"KB0"	"PHT-36"	"Flagellates"	"Occurrence"	13678.3551724138	9	0.0006579738489428175	"l"	"present"	"verified"	58	4407.47	50	1000	1	683.91775862069	"Niskin bottle"	"phytoplankton"	"indet."						
25	40	"iopan.pl"	25	"cells/l"	"Gyrodinium flagellare"	2015	"MOSJ2015"	"KB0"	"PHT-36"		"Occurrence"	3039.63448275862	2	0.0006579738489428175	"l"	"present"	"verified"	58	4407.47	50	1000	1	151.981724137931	"Niskin bottle"	"phytoplankton"							
10	10	"iopan.pl"	10	"cells/l"	"Phaeocystis pouchetii"	2015	"MOSJ2015"	"KB1"	"PHT-32"		"Occurrence"	4844.0024691358	61	0.012592892012064302	"l"	"present"	"verified"	81	321.61	50	1000	1	242.20012345679	"Niskin bottle"	"phytoplankton"							
10	10	"iopan.pl"	10	"cells/l"	"Acanthostomella norvegica"	2015	"MOSJ2015"	"KB1"	"PHT-32"	"Acantostomella norvegica"	"Occurrence"	79.4098765432099	1	0.012592892012064302	"l"	"present"	"verified"	81	321.61	50	1000	1	3.97049382716049	"Niskin bottle"	"phytoplankton"							
10	60	"iopan.pl"	10	"cells/l"	"Pyramimonas"	2015	"MOSJ2015"	"KB1"	"PHT-32"		"Occurrence"	119772.792	9	0.00007514227438231547	"l"	"present"	"verified"	25	16635.11	50	1000	1	5988.6396	"Niskin bottle"	"phytoplankton"	"sp."	"species"					
10	60	"iopan.pl"	10	"cells/l"	"Phaeocystis pouchetii"	2015	"MOSJ2015"	"KB1"	"PHT-32"		"Occurrence"	1304192.624	98	0.00007514227438231547	"l"	"present"	"verified"	25	16635.11	50	1000	1	65209.6312	"Niskin bottle"	"phytoplankton"							
10	60	"iopan.pl"	10	"cells/l"	"Gymnodiniales"	2015	"MOSJ2015"	"KB1"	"PHT-32"	"Gymnodiniales indet 10um"	"Occurrence"	66540.44	5	0.00007514227438231547	"l"	"present"	"verified"	25	16635.11	50	1000	1	3327.022	"Niskin bottle"	"phytoplankton"	"indet."						
10	60	"iopan.pl"	10	"cells/l"	"Eukaryota incertae sedis"	2015	"MOSJ2015"	"KB1"	"PHT-32"	"Biflagellates"	"Occurrence"	13308.088	1	0.00007514227438231547	"l"	"present"	"verified"	25	16635.11	50	1000	1	665.4044	"Niskin bottle"	"phytoplankton"	"indet."						
10	60	"iopan.pl"	10	"cells/l"	"Eukaryota incertae sedis"	2015	"MOSJ2015"	"KB1"	"PHT-32"	"Flagellates"	"Occurrence"	186313.232	14	0.00007514227438231547	"l"	"present"	"verified"	25	16635.11	50	1000	1	9315.6616	"Niskin bottle"	"phytoplankton"	"indet."						
10	60	"iopan.pl"	10	"cells/l"	"Telonema subtile"	2015	"MOSJ2015"	"KB1"	"PHT-32"	"Telonemma subtilis"	"Occurrence"	133080.88	10	0.00007514227438231547	"l"	"present"	"verified"	25	16635.11	50	1000	1	6654.044	"Niskin bottle"	"phytoplankton"							
10	60	"iopan.pl"	10	"cells/l"	"Prorocentrum cordatum"	2015	"MOSJ2015"	"KB1"	"PHT-32"	"Prorocentrum minimum"	"Occurrence"	53232.352	4	0.00007514227438231547	"l"	"present"	"verified"	25	16635.11	50	1000	1	2661.6176	"Niskin bottle"	"phytoplankton"							
10	60	"iopan.pl"	10	"cells/l"	"Leucocryptos marina"	2015	"MOSJ2015"	"KB1"	"PHT-32"		"Occurrence"	26616.176	2	0.00007514227438231547	"l"	"present"	"verified"	25	16635.11	50	1000	1	1330.8088	"Niskin bottle"	"phytoplankton"							
10	60	"iopan.pl"	10	"cells/l"	"Eukaryota incertae sedis"	2015	"MOSJ2015"	"KB1"	"PHT-32"	"Flagellates"	"Occurrence"	119772.792	9	0.00007514227438231547	"l"	"present"	"verified"	25	16635.11	50	1000	1	5988.6396	"Niskin bottle"	"phytoplankton"	"indet."						
10	60	"iopan.pl"	10	"cells/l"	"Eukaryota incertae sedis"	2015	"MOSJ2015"	"KB1"	"PHT-32"	"Cocoid cell 3-7um"	"Occurrence"	26616.176	2	0.00007514227438231547	"l"	"present"	"verified"	25	16635.11	50	1000	1	1330.8088	"Niskin bottle"	"phytoplankton"			"Cocoid cell"				
	10	"iopan.pl"		"cells/l"	"Eukaryota incertae sedis"	2015	"MOSJ2015"	"KB3"	"PHT-01"		"Occurrence"	364.08679245283	3	0.008239793538758122	"l"	"present"	"verified"	53	321.61	50	1000	1	18.2043396226415	"handnet"	"handnet"			"Naupli"				
	10	"iopan.pl"		"cells/l"	"Protoperidinium"	2015	"MOSJ2015"	"KB3"	"PHT-01"	"Protoperidinium sp. diam 77um"	"Occurrence"	728.17358490566	6	0.008239793538758122	"l"	"present"	"verified"	53	321.61	50	1000	1	36.408679245283	"handnet"	"handnet"	"sp. diam"	"species"					
	10	"iopan.pl"		"cells/l"	"Dinophysis norvegica"	2015	"MOSJ2015"	"KB3"	"PHT-01"		"Occurrence"	364.08679245283	3	0.008239793538758122	"l"	"present"	"verified"	53	321.61	50	1000	1	18.2043396226415	"handnet"	"handnet"							
	10	"iopan.pl"		"cells/l"	"Phalacroma rotundatum"	2015	"MOSJ2015"	"KB3"	"PHT-01"	"Dinophysis rotundata"	"Occurrence"	364.08679245283	3	0.008239793538758122	"l"	"present"	"verified"	53	321.61	50	1000	1	18.2043396226415	"handnet"	"handnet"							
	10	"iopan.pl"		"cells/l"	"Acanthostomella norvegica"	2015	"MOSJ2015"	"KB3"	"PHT-01"	"Acantostomella norvegica"	"Occurrence"	4288.13333333333	20	0.004664034078542334	"l"	"present"	"verified"	30	321.61	50	1000	1	214.406666666667	"handnet"	"handnet"							
	10	"iopan.pl"		"cells/l"	"Tintinidae"	2015	"MOSJ2015"	"KB3"	"PHT-01"	"Tintinnida aglutin."	"Occurrence"	2063.15849056604	17	0.008239793538758122	"l"	"present"	"verified"	53	321.61	50	1000	1	103.157924528302	"handnet"	"handnet"							
	10	"iopan.pl"		"cells/l"	"Ptychocylis obtusa"	2015	"MOSJ2015"	"KB3"	"PHT-01"		"Occurrence"	242.724528301887	2	0.008239793538758122	"l"	"present"	"verified"	53	321.61	50	1000	1	12.1362264150943	"handnet"	"handnet"							
	10	"iopan.pl"		"cells/l"	"Parafavella"	2015	"MOSJ2015"	"KB3"	"PHT-01"	"Parafavela"	"Occurrence"	121.362264150943	1	0.008239793538758122	"l"	"present"	"verified"	53	321.61	50	1000	1	6.06811320754717	"handnet"	"handnet"	"sp."	"species"					
		"iopan.pl"		"cells/l"	"Protoperidinium ovatum"	2015	"MOSJ2015"	"KB3"	"PHT-01"		"Occurrence"			0.05	"l"	"present"	"incalculable"		321.61	50	1000	1		"handnet"	"handnet"							
		"iopan.pl"		"cells/l"	"Protoperidinium ovatum"	2015	"MOSJ2015"	"KB6"	"PHT-09"		"Occurrence"				"l"	"present"	"incalculable"		321.61					"handnet"	"handnet"							
		"iopan.pl"		"cells/l"	"Acanthostomella norvegica"	2015	"MOSJ2015"	"KB6"	"PHT-09"	"Acantostomella norvegica"	"Occurrence"				"l"	"present"	"incalculable"		321.61					"handnet"	"handnet"							
		"iopan.pl"		"cells/l"	"Tintinidae"	2015	"MOSJ2015"	"KB6"	"PHT-09"	"Tintinnida aglutin."	"Occurrence"				"l"	"present"	"incalculable"		321.61					"handnet"	"handnet"							
		"iopan.pl"		"cells/l"	"Laboea strobila"	2015	"MOSJ2015"	"KB6"	"PHT-09"		"Occurrence"				"l"	"present"	"incalculable"		321.61					"handnet"	"handnet"							
		"iopan.pl"		"cells/l"	"Phalacroma rotundatum"	2015	"MOSJ2015"	"KB6"	"PHT-09"	"Dinophysis rotundata"	"Occurrence"				"l"	"present"	"incalculable"		321.61					"handnet"	"handnet"							
50		"iopan.pl"	50	"cells/l"	"Dinophysis acuminata"	2015	"MOSJ2015"	"KB7"	"PHT-02"		"Occurrence"				"l"	"present"	"incalculable"		321.61					"handnet"	"handnet"							
50		"iopan.pl"	50	"cells/l"	"Tintinidae"	2015	"MOSJ2015"	"KB7"	"PHT-02"	"Tintinnida aglutin."	"Occurrence"				"l"	"present"	"incalculable"		321.61					"handnet"	"handnet"							
				"cells/l"	"Eukaryota incertae sedis"	2015	"MOSJ2015"		"PHT-0?"		"Occurrence"				"l"	"present"	"incalculable"							"handnet"	"handnet"				"Dinophysis acuminata"	321.61		
				"cells/l"	"Eukaryota incertae sedis"	2015	"MOSJ2015"		"PHT-0?"		"Occurrence"				"l"	"present"	"incalculable"							"handnet"	"handnet"				"Acantostomella norvegica"	321.61		
				"cells/l"	"Eukaryota incertae sedis"	2015	"MOSJ2015"		"PHT-0?"		"Occurrence"				"l"	"present"	"incalculable"							"handnet"	"handnet"				"Chaetoceros atlanticus"	321.61		
5		"iopan.pl"	5	"cells/l"	"Dinophysis acuminata"	2015	"MOSJ2015"	"KB5"	"PHT-14"		"Occurrence"				"l"	"present"	"incalculable"		321.61					"handnet"	"handnet"							
		"iopan.pl"		"cells/l"	"Eukaryota incertae sedis"	2015	"MOSJ2015"	"KB5"	"PHT-14"		"Occurrence"				"l"	"present"	"incalculable"		321.61					"handnet"	"handnet"			"Naupli"				
		"iopan.pl"		"cells/l"	"Parafavella gigantea"	2015	"MOSJ2015"	"KB5"	"PHT-14"	"Parafavela gigantea"	"Occurrence"				"l"	"present"	"incalculable"		321.61					"handnet"	"handnet"							
		"iopan.pl"		"cells/l"	"Strombidium conicum"	2015	"MOSJ2015"	"KB5"	"PHT-14"		"Occurrence"				"l"	"present"	"incalculable"		321.61					"handnet"	"handnet"							
		"iopan.pl"		"cells/l"	"Acanthostomella norvegica"	2015	"MOSJ2015"		"PHT-11"	"Acantostomella norvegica"	"Occurrence"				"l"	"present"	"incalculable"		321.61					"handnet"	"handnet"							
		"iopan.pl"		"cells/l"	"Corethron criophilum"	2015	"MOSJ2015"		"PHT-11"	"Corethron cryophilum"	"Occurrence"				"l"	"present"	"incalculable"		321.61					"handnet"	"handnet"							
		"iopan.pl"		"cells/l"	"Strombidium"	2015	"MOSJ2015"		"PHT-11"		"Occurrence"				"l"	"present"	"incalculable"		321.61					"handnet"	"handnet"	"sp."	"species"					
		"iopan.pl"		"cells/l"	"Phalacroma rotundatum"	2015	"MOSJ2015"		"PHT-11"	"Dinophysis rotundata"	"Occurrence"				"l"	"present"	"incalculable"		321.61					"handnet"	"handnet"							
10	10	"iopan.pl"	10	"cells/l"	"Rhizosolenia setigera"	2015	"MOSJ2015"	"V12"	"PHT-38"		"Occurrence"	227.018823529412	3	0.013214763222536613	"l"	"present"	"verified"	85	321.61	50	1000	1	11.3509411764706	"Niskin bottle"	"phytoplankton"							
10	60	"iopan.pl"	10	"cells/l"	"Coccolithus pelagicus"	2015	"MOSJ2015"	"V12"	"PHT-38"	"Cocolithus pelagicus"	"Occurrence"	362947.854545455	12	0.000033062600728218807	"l"	"present"	"verified"	11	16635.11	50	1000	1	18147.3927272727	"Niskin bottle"	"phytoplankton"							
10	60	"iopan.pl"	10	"cells/l"	"Calycomonas"	2015	"MOSJ2015"	"V12"	"PHT-38"	"Calcycomonas"	"Occurrence"	120982.618181818	4	0.000033062600728218807	"l"	"present"	"verified"	11	16635.11	50	1000	1	6049.13090909091	"Niskin bottle"	"phytoplankton"	"sp."	"species"					
10	60	"iopan.pl"	10	"cells/l"	"Phaeocystis pouchetii"	2015	"MOSJ2015"	"V12"	"PHT-38"	"Phaeocystis pouchetii 3um"	"Occurrence"	695650.054545455	23	0.000033062600728218807	"l"	"present"	"verified"	11	16635.11	50	1000	1	34782.5027272727	"Niskin bottle"	"phytoplankton"							
10	60	"iopan.pl"	10	"cells/l"	"Phaeocystis pouchetii"	2015	"MOSJ2015"	"V12"	"PHT-38"		"Occurrence"	453684.818181818	15	0.000033062600728218807	"l"	"present"	"verified"	11	16635.11	50	1000	1	22684.2409090909	"Niskin bottle"	"phytoplankton"							
10	60	"iopan.pl"	10	"cells/l"	"Eukaryota incertae sedis"	2015	"MOSJ2015"	"V12"	"PHT-38"		"Occurrence"	211719.581818182	7	0.000033062600728218807	"l"	"present"	"verified"	11	16635.11	50	1000	1	10585.9790909091	"Niskin bottle"	"phytoplankton"			"Coccal cells"				
10	60	"iopan.pl"	10	"cells/l"	"Eukaryota incertae sedis"	2015	"MOSJ2015"	"V12"	"PHT-38"	"Uniflagellates"	"Occurrence"	30245.6545454545	1	0.000033062600728218807	"l"	"present"	"verified"	11	16635.11	50	1000	1	1512.28272727273	"Niskin bottle"	"phytoplankton"	"indet."						
10	60	"iopan.pl"	10	"cells/l"	"Teleaulax"	2015	"MOSJ2015"	"V12"	"PHT-38"		"Occurrence"	30245.6545454545	1	0.000033062600728218807	"l"	"present"	"verified"	11	16635.11	50	1000	1	1512.28272727273	"Niskin bottle"	"phytoplankton"	"sp."	"species"					
10	60	"iopan.pl"	10	"cells/l"	"Telonema subtile"	2015	"MOSJ2015"	"V12"	"PHT-38"	"Telonemma subtilis"	"Occurrence"	60491.3090909091	2	0.000033062600728218807	"l"	"present"	"verified"	11	16635.11	50	1000	1	3024.56545454545	"Niskin bottle"	"phytoplankton"							
10	60	"iopan.pl"	10	"cells/l"	"Gymnodiniales"	2015	"MOSJ2015"	"V12"	"PHT-38"	"Gymnodiniales indet 10um"	"Occurrence"	60491.3090909091	2	0.000033062600728218807	"l"	"present"	"verified"	11	16635.11	50	1000	1	3024.56545454545	"Niskin bottle"	"phytoplankton"	"indet."						
10	60	"iopan.pl"	10	"cells/l"	"Cryptophyta"	2015	"MOSJ2015"	"V12"	"PHT-38"		"Occurrence"	30245.6545454545	1	0.000033062600728218807	"l"	"present"	"verified"	11	16635.11	50	1000	1	1512.28272727273	"Niskin bottle"	"phytoplankton"	"indet."						
10	60	"iopan.pl"	10	"cells/l"	"Eukaryota incertae sedis"	2015	"MOSJ2015"	"V12"	"PHT-38"	"Uniflagellates"	"Occurrence"	30245.6545454545	1	0.000033062600728218807	"l"	"present"	"verified"	11	16635.11	50	1000	1	1512.28272727273	"Niskin bottle"	"phytoplankton"	"indet."						
10	60	"iopan.pl"	10	"cells/l"	"Pseudo-nitzschia granii"	2015	"MOSJ2015"	"V12"	"PHT-38"		"Occurrence"	60491.3090909091	2	0.000033062600728218807	"l"	"present"	"verified"	11	16635.11	50	1000	1	3024.56545454545	"Niskin bottle"	"phytoplankton"							
10	60	"iopan.pl"	10	"cells/l"	"Raphidophyceae"	2015	"MOSJ2015"	"V12"	"PHT-38"	"Raphidiophyceae"	"Occurrence"	30245.6545454545	1	0.000033062600728218807	"l"	"present"	"verified"	11	16635.11	50	1000	1	1512.28272727273	"Niskin bottle"	"phytoplankton"	"indet."						
10	60	"iopan.pl"	10	"cells/l"	"Cryptophyta"	2015	"MOSJ2015"	"V12"	"PHT-38"	"Cryptophyta indet. 4um"	"Occurrence"	30245.6545454545	1	0.000033062600728218807	"l"	"present"	"verified"	11	16635.11	50	1000	1	1512.28272727273	"Niskin bottle"	"phytoplankton"	"indet."						
10	60	"iopan.pl"	10	"cells/l"	"Gymnodinium wulffii"	2015	"MOSJ2015"	"V12"	"PHT-38"	"Gymnodinium wulfii"	"Occurrence"	151228.272727273	5	0.000033062600728218807	"l"	"present"	"verified"	11	16635.11	50	1000	1	7561.41363636364	"Niskin bottle"	"phytoplankton"							
10	60	"iopan.pl"	10	"cells/l"	"Eukaryota incertae sedis"	2015	"MOSJ2015"	"V12"	"PHT-38"	"Cocoid cell 3-7um"	"Occurrence"	30245.6545454545	1	0.000033062600728218807	"l"	"present"	"verified"	11	16635.11	50	1000	1	1512.28272727273	"Niskin bottle"	"phytoplankton"			"Cocoid cell"				
10	60	"iopan.pl"	10	"cells/l"	"Monosiga"	2015	"MOSJ2015"	"V12"	"PHT-38"		"Occurrence"	30245.6545454545	1	0.000033062600728218807	"l"	"present"	"verified"	11	16635.11	50	1000	1	1512.28272727273	"Niskin bottle"	"phytoplankton"	"sp."	"species"					
10	60	"iopan.pl"	10	"cells/l"	"Pyramimonas"	2015	"MOSJ2015"	"V12"	"PHT-38"		"Occurrence"	30245.6545454545	1	0.000033062600728218807	"l"	"present"	"verified"	11	16635.11	50	1000	1	1512.28272727273	"Niskin bottle"	"phytoplankton"	"sp."	"species"					
10	60	"iopan.pl"	10	"cells/l"	"Dunaliella"	2015	"MOSJ2015"	"V12"	"PHT-38"		"Occurrence"	30245.6545454545	1	0.000033062600728218807	"l"	"present"	"verified"	11	16635.11	50	1000	1	1512.28272727273	"Niskin bottle"	"phytoplankton"	"sp."	"species"					
10	10	"iopan.pl"	10	"cells/l"	"Acanthostomella norvegica"	2015	"MOSJ2015"	"V10"	"PHT-43"	"Acantostomella norvegica"	"Occurrence"	135.414736842105	2	0.01476944124871739	"l"	"present"	"verified"	95	321.61	50	1000	1	6.77073684210526	"Niskin bottle"	"phytoplankton"							
10	10	"iopan.pl"	10	"cells/l"	"Strombidium conicum"	2015	"MOSJ2015"	"V10"	"PHT-43"		"Occurrence"	270.829473684211	4	0.01476944124871739	"l"	"present"	"verified"	95	321.61	50	1000	1	13.5414736842105	"Niskin bottle"	"phytoplankton"							
10	10	"iopan.pl"	10	"cells/l"	"Leegaardiella sol"	2015	"MOSJ2015"	"V10"	"PHT-43"	"Leegardiella sol"	"Occurrence"	135.414736842105	2	0.01476944124871739	"l"	"present"	"verified"	95	321.61	50	1000	1	6.77073684210526	"Niskin bottle"	"phytoplankton"							
10	10	"iopan.pl"	10	"cells/l"	"Tripos macroceros"	2015	"MOSJ2015"	"V10"	"PHT-43"	"Ceratium macroceros"	"Occurrence"	67.7073684210526	1	0.01476944124871739	"l"	"present"	"verified"	95	321.61	50	1000	1	3.38536842105263	"Niskin bottle"	"phytoplankton"							
10	10	"iopan.pl"	10	"cells/l"	"Coccolithus pelagicus"	2015	"MOSJ2015"	"V10"	"PHT-43"		"Occurrence"	67.7073684210526	1	0.01476944124871739	"l"	"present"	"verified"	95	321.61	50	1000	1	3.38536842105263	"Niskin bottle"	"phytoplankton"							
10	60	"iopan.pl"	10	"cells/l"	"Pyramimonas"	2015	"MOSJ2015"	"V10"	"PHT-43"		"Occurrence"	116445.77	7	0.00006011381950585238	"l"	"present"	"verified"	20	16635.11	50	1000	1	5822.2885	"Niskin bottle"	"phytoplankton"	"sp."	"species"					
10	60	"iopan.pl"	10	"cells/l"	"Telonema subtile"	2015	"MOSJ2015"	"V10"	"PHT-43"	"Telonemma subtilis"	"Occurrence"	49905.33	3	0.00006011381950585238	"l"	"present"	"verified"	20	16635.11	50	1000	1	2495.2665	"Niskin bottle"	"phytoplankton"							
10	60	"iopan.pl"	10	"cells/l"	"Eukaryota incertae sedis"	2015	"MOSJ2015"	"V10"	"PHT-43"	"biflagellates indet hetero"	"Occurrence"	16635.11	1	0.00006011381950585238	"l"	"present"	"verified"	20	16635.11	50	1000	1	831.7555	"Niskin bottle"	"phytoplankton"							
10	60	"iopan.pl"	10	"cells/l"	"Eukaryota incertae sedis"	2015	"MOSJ2015"	"V10"	"PHT-43"	"Cocoid cell 3-7um"	"Occurrence"	66540.44	4	0.00006011381950585238	"l"	"present"	"verified"	20	16635.11	50	1000	1	3327.022	"Niskin bottle"	"phytoplankton"			"Cocoid cell"				
10	60	"iopan.pl"	10	"cells/l"	"Phaeocystis pouchetii"	2015	"MOSJ2015"	"V10"	"PHT-43"	"Phaeocystis pouchetii 3um"	"Occurrence"	1381993.75384615	54	0.00003907398267880405	"l"	"present"	"verified"	13	16635.11	50	1000	1	69099.6876923077	"Niskin bottle"	"phytoplankton"							
10	60	"iopan.pl"	10	"cells/l"	"Eukaryota incertae sedis"	2015	"MOSJ2015"	"V10"	"PHT-43"	"Uniflagellates"	"Occurrence"	116445.77	7	0.00006011381950585238	"l"	"present"	"verified"	20	16635.11	50	1000	1	5822.2885	"Niskin bottle"	"phytoplankton"	"indet."						
10	60	"iopan.pl"	10	"cells/l"	"Gymnodinium wulffii"	2015	"MOSJ2015"	"V10"	"PHT-43"	"Gymnodinium wulfii"	"Occurrence"	216256.43	13	0.00006011381950585238	"l"	"present"	"verified"	20	16635.11	50	1000	1	10812.8215	"Niskin bottle"	"phytoplankton"							
10	60	"iopan.pl"	10	"cells/l"	"Eukaryota incertae sedis"	2015	"MOSJ2015"	"V10"	"PHT-43"		"Occurrence"	66540.44	4	0.00006011381950585238	"l"	"present"	"verified"	20	16635.11	50	1000	1	3327.022	"Niskin bottle"	"phytoplankton"			"Coccal cells"				
10	60	"iopan.pl"	10	"cells/l"	"Pseudoscourfieldia marina"	2015	"MOSJ2015"	"V10"	"PHT-43"		"Occurrence"	99810.66	6	0.00006011381950585238	"l"	"present"	"verified"	20	16635.11	50	1000	1	4990.533	"Niskin bottle"	"phytoplankton"							
10	60	"iopan.pl"	10	"cells/l"	"Cryptophyta"	2015	"MOSJ2015"	"V10"	"PHT-43"		"Occurrence"	232891.54	14	0.00006011381950585238	"l"	"present"	"verified"	20	16635.11	50	1000	1	11644.577	"Niskin bottle"	"phytoplankton"	"indet."						
10	60	"iopan.pl"	10	"cells/l"	"Gymnodinium"	2015	"MOSJ2015"	"V10"	"PHT-43"		"Occurrence"	66540.44	4	0.00006011381950585238	"l"	"present"	"verified"	20	16635.11	50	1000	1	3327.022	"Niskin bottle"	"phytoplankton"	"sp. ‘krasnal”"	"species"					
10	60	"iopan.pl"	10	"cells/l"	"Eukaryota incertae sedis"	2015	"MOSJ2015"	"V10"	"PHT-43"	"Biflagellates"	"Occurrence"	33270.22	2	0.00006011381950585238	"l"	"present"	"verified"	20	16635.11	50	1000	1	1663.511	"Niskin bottle"	"phytoplankton"	"indet."						
10	60	"iopan.pl"	10	"cells/l"	"Eukaryota incertae sedis"	2015	"MOSJ2015"	"V10"	"PHT-43"	"Biflagellates"	"Occurrence"	33270.22	2	0.00006011381950585238	"l"	"present"	"verified"	20	16635.11	50	1000	1	1663.511	"Niskin bottle"	"phytoplankton"	"indet."						
10	60	"iopan.pl"	10	"cells/l"	"Leucocryptos marina"	2015	"MOSJ2015"	"V10"	"PHT-43"		"Occurrence"	16635.11	1	0.00006011381950585238	"l"	"present"	"verified"	20	16635.11	50	1000	1	831.7555	"Niskin bottle"	"phytoplankton"							
10	60	"iopan.pl"	10	"cells/l"	"Eukaryota incertae sedis"	2015	"MOSJ2015"	"V10"	"PHT-43"	"Biflagellates"	"Occurrence"	16635.11	1	0.00006011381950585238	"l"	"present"	"verified"	20	16635.11	50	1000	1	831.7555	"Niskin bottle"	"phytoplankton"	"indet."						
10	60	"iopan.pl"	10	"cells/l"	"Calycomonas"	2015	"MOSJ2015"	"V10"	"PHT-43"		"Occurrence"	116445.77	7	0.00006011381950585238	"l"	"present"	"verified"	20	16635.11	50	1000	1	5822.2885	"Niskin bottle"	"phytoplankton"	"sp."	"species"					
10	60	"iopan.pl"	10	"cells/l"	"Eukaryota"	2015	"MOSJ2015"	"V10"	"PHT-43"		"Occurrence"	49905.33	3	0.00006011381950585238	"l"	"present"	"verified"	20	16635.11	50	1000	1	2495.2665	"Niskin bottle"	"phytoplankton"	"incertae sedis"					"Biflagellates long flagella"	"flagellate"
10	60	"iopan.pl"	10	"cells/l"	"Teleaulax"	2015	"MOSJ2015"	"V10"	"PHT-43"		"Occurrence"	99810.66	6	0.00006011381950585238	"l"	"present"	"verified"	20	16635.11	50	1000	1	4990.533	"Niskin bottle"	"phytoplankton"	"sp."	"species"					
10	60	"iopan.pl"	10	"cells/l"	"Statocysta of Dinobryon"	2015	"MOSJ2015"	"V10"	"PHT-43"		"Occurrence"	16635.11	1	0.00006011381950585238	"l"	"present"	"verified"	20	16635.11	50	1000	1	831.7555	"Niskin bottle"	"phytoplankton"	"sp."	"species"					
10	60	"iopan.pl"	10	"cells/l"	"Pyramimonas"	2015	"MOSJ2015"	"V10"	"PHT-43"	"Pyramimonas sp. >10um"	"Occurrence"	16635.11	1	0.00006011381950585238	"l"	"present"	"verified"	20	16635.11	50	1000	1	831.7555	"Niskin bottle"	"phytoplankton"	"sp."	"species"					
10	60	"iopan.pl"	10	"cells/l"	"Eukaryota incertae sedis"	2015	"MOSJ2015"	"V10"	"PHT-43"	"Uniflagellates"	"Occurrence"	16635.11	1	0.00006011381950585238	"l"	"present"	"verified"	20	16635.11	50	1000	1	831.7555	"Niskin bottle"	"phytoplankton"	"indet. 3Um longfl"						
50	10	"iopan.pl"	50	"cells/l"	"Gymnodinium"	2015	"MOSJ2015"	"KB0"	"PHT-31"		"Occurrence"	141.367032967033	2	0.014147570038245079	"l"	"present"	"verified"	91	321.61	50	1000	1	7.06835164835165	"Niskin bottle"	"phytoplankton"	"sp."	"species"					
50	10	"iopan.pl"	50	"cells/l"	"Mesodinium rubrum"	2015	"MOSJ2015"	"KB0"	"PHT-31"		"Occurrence"	70.6835164835165	1	0.014147570038245079	"l"	"present"	"verified"	91	321.61	50	1000	1	3.53417582417582	"Niskin bottle"	"phytoplankton"							
50	10	"iopan.pl"	50	"cells/l"	"Leegaardiella sol"	2015	"MOSJ2015"	"KB0"	"PHT-31"	"Leegardiella sol"	"Occurrence"	141.367032967033	2	0.014147570038245079	"l"	"present"	"verified"	91	321.61	50	1000	1	7.06835164835165	"Niskin bottle"	"phytoplankton"							
50	10	"iopan.pl"	50	"cells/l"	"Strombidiidae"	2015	"MOSJ2015"	"KB0"	"PHT-31"	"Strombididae"	"Occurrence"	70.6835164835165	1	0.014147570038245079	"l"	"present"	"verified"	91	321.61	50	1000	1	3.53417582417582	"Niskin bottle"	"phytoplankton"	"indet."						
50	10	"iopan.pl"	50	"cells/l"	"Acanthostomella norvegica"	2015	"MOSJ2015"	"KB0"	"PHT-31"	"Acantostomella norvegica"	"Occurrence"	70.6835164835165	1	0.014147570038245079	"l"	"present"	"verified"	91	321.61	50	1000	1	3.53417582417582	"Niskin bottle"	"phytoplankton"							
50	40	"iopan.pl"	50	"cells/l"	"Teleaulax"	2015	"MOSJ2015"	"KB0"	"PHT-31"		"Occurrence"	3148.19285714286	1	0.0003176425477654981	"l"	"present"	"verified"	28	4407.47	50	1000	1	157.409642857143	"Niskin bottle"	"phytoplankton"	"sp."	"species"					
50	40	"iopan.pl"	50	"cells/l"	"Gymnodinium"	2015	"MOSJ2015"	"KB0"	"PHT-31"		"Occurrence"	6296.38571428572	2	0.0003176425477654981	"l"	"present"	"verified"	28	4407.47	50	1000	1	314.819285714286	"Niskin bottle"	"phytoplankton"	"sp."	"species"					
50	40	"iopan.pl"	50	"cells/l"	"Eukaryota incertae sedis"	2015	"MOSJ2015"	"KB0"	"PHT-31"	"Uniflagellates"	"Occurrence"	9444.57857142857	3	0.0003176425477654981	"l"	"present"	"verified"	28	4407.47	50	1000	1	472.228928571429	"Niskin bottle"	"phytoplankton"	"indet."						
50	40	"iopan.pl"	50	"cells/l"	"Phaeocystis pouchetii"	2015	"MOSJ2015"	"KB0"	"PHT-31"	"Phaeocystis pouchetii 3um"	"Occurrence"	12592.7714285714	4	0.0003176425477654981	"l"	"present"	"verified"	28	4407.47	50	1000	1	629.638571428572	"Niskin bottle"	"phytoplankton"							
50	40	"iopan.pl"	50	"cells/l"	"Eukaryota incertae sedis"	2015	"MOSJ2015"	"KB0"	"PHT-31"	"Biflagellates"	"Occurrence"	12592.7714285714	4	0.0003176425477654981	"l"	"present"	"verified"	28	4407.47	50	1000	1	629.638571428572	"Niskin bottle"	"phytoplankton"	"indet."						
50	40	"iopan.pl"	50	"cells/l"	"Gymnodinium galeatum"	2015	"MOSJ2015"	"KB0"	"PHT-31"	"Gymnodinium gaelatum"	"Occurrence"	6296.38571428572	2	0.0003176425477654981	"l"	"present"	"verified"	28	4407.47	50	1000	1	314.819285714286	"Niskin bottle"	"phytoplankton"							
50	40	"iopan.pl"	50	"cells/l"	"Eukaryota incertae sedis"	2015	"MOSJ2015"	"KB0"	"PHT-31"	"Cocoid cell 3-7um"	"Occurrence"	9444.57857142857	3	0.0003176425477654981	"l"	"present"	"verified"	28	4407.47	50	1000	1	472.228928571429	"Niskin bottle"	"phytoplankton"			"Cocoid cell"				
50	40	"iopan.pl"	50	"cells/l"	"Gymnodinium wulffii"	2015	"MOSJ2015"	"KB0"	"PHT-31"	"Gymnodinium wulfii"	"Occurrence"	6296.38571428572	2	0.0003176425477654981	"l"	"present"	"verified"	28	4407.47	50	1000	1	314.819285714286	"Niskin bottle"	"phytoplankton"							
50	40	"iopan.pl"	50	"cells/l"	"Gymnodiniales"	2015	"MOSJ2015"	"KB0"	"PHT-31"	"Gymnodiniales indet 10um"	"Occurrence"	9444.57857142857	3	0.0003176425477654981	"l"	"present"	"verified"	28	4407.47	50	1000	1	472.228928571429	"Niskin bottle"	"phytoplankton"	"indet."						
50	40	"iopan.pl"	50	"cells/l"	"Phaeocystis pouchetii"	2015	"MOSJ2015"	"KB0"	"PHT-31"		"Occurrence"	6296.38571428572	2	0.0003176425477654981	"l"	"present"	"verified"	28	4407.47	50	1000	1	314.819285714286	"Niskin bottle"	"phytoplankton"							
50	40	"iopan.pl"	50	"cells/l"	"Eukaryota incertae sedis"	2015	"MOSJ2015"	"KB0"	"PHT-31"	"Uniflagellates"	"Occurrence"	3148.19285714286	1	0.0003176425477654981	"l"	"present"	"verified"	28	4407.47	50	1000	1	157.409642857143	"Niskin bottle"	"phytoplankton"	"indet. 7Um heterotr"						
50	40	"iopan.pl"	50	"cells/l"	"Didinium"	2015	"MOSJ2015"	"KB0"	"PHT-31"	"Didynium"	"Occurrence"	3148.19285714286	1	0.0003176425477654981	"l"	"present"	"verified"	28	4407.47	50	1000	1	157.409642857143	"Niskin bottle"	"phytoplankton"	"sp."	"species"					
50	40	"iopan.pl"	50	"cells/l"	"Algirosphaera"	2015	"MOSJ2015"	"KB0"	"PHT-31"		"Occurrence"	3148.19285714286	1	0.0003176425477654981	"l"	"present"	"verified"	28	4407.47	50	1000	1	157.409642857143	"Niskin bottle"	"phytoplankton"							
50	40	"iopan.pl"	50	"cells/l"	"Pleurochrysis"	2015	"MOSJ2015"	"KB0"	"PHT-31"		"Occurrence"	3148.19285714286	1	0.0003176425477654981	"l"	"present"	"verified"	28	4407.47	50	1000	1	157.409642857143	"Niskin bottle"	"phytoplankton"	"sp."	"species"					
5	10	"iopan.pl"	5	"cells/l"	"Leegaardiella sol"	2015	"MOSJ2015"	"V12"	"PHT-39"	"Leegardiella sol"	"Occurrence"	253.902631578947	3	0.011815552998973912	"l"	"present"	"verified"	76	321.61	50	1000	1	12.6951315789474	"Niskin bottle"	"phytoplankton"							
5	10	"iopan.pl"	5	"cells/l"	"Corethron criophilum"	2015	"MOSJ2015"	"V12"	"PHT-39"	"Corethron cryophilum"	"Occurrence"	84.6342105263158	1	0.011815552998973912	"l"	"present"	"verified"	76	321.61	50	1000	1	4.23171052631579	"Niskin bottle"	"phytoplankton"							
5	10	"iopan.pl"	5	"cells/l"	"Strombidium conicum"	2015	"MOSJ2015"	"V12"	"PHT-39"		"Occurrence"	253.902631578947	3	0.011815552998973912	"l"	"present"	"verified"	76	321.61	50	1000	1	12.6951315789474	"Niskin bottle"	"phytoplankton"							
5	10	"iopan.pl"	5	"cells/l"	"Parafavella gigantea"	2015	"MOSJ2015"	"V12"	"PHT-39"	"Parafavela gigantea"	"Occurrence"	84.6342105263158	1	0.011815552998973912	"l"	"present"	"verified"	76	321.61	50	1000	1	4.23171052631579	"Niskin bottle"	"phytoplankton"							
5	60	"iopan.pl"	5	"cells/l"	"Cryptophyta"	2015	"MOSJ2015"	"V12"	"PHT-39"		"Occurrence"	13308.088	1	0.00007514227438231547	"l"	"present"	"verified"	25	16635.11	50	1000	1	665.4044	"Niskin bottle"	"phytoplankton"	"indet."						
5	60	"iopan.pl"	5	"cells/l"	"Telonema subtile"	2015	"MOSJ2015"	"V12"	"PHT-39"	"Telonemma subtilis"	"Occurrence"	53232.352	4	0.00007514227438231547	"l"	"present"	"verified"	25	16635.11	50	1000	1	2661.6176	"Niskin bottle"	"phytoplankton"							
5	60	"iopan.pl"	5	"cells/l"	"Eukaryota incertae sedis"	2015	"MOSJ2015"	"V12"	"PHT-39"	"Biflagellates"	"Occurrence"	26616.176	2	0.00007514227438231547	"l"	"present"	"verified"	25	16635.11	50	1000	1	1330.8088	"Niskin bottle"	"phytoplankton"	"indet."						
5	60	"iopan.pl"	5	"cells/l"	"Pseudoscourfieldia marina"	2015	"MOSJ2015"	"V12"	"PHT-39"		"Occurrence"	26616.176	2	0.00007514227438231547	"l"	"present"	"verified"	25	16635.11	50	1000	1	1330.8088	"Niskin bottle"	"phytoplankton"							
5	60	"iopan.pl"	5	"cells/l"	"Coccolithus pelagicus"	2015	"MOSJ2015"	"V12"	"PHT-39"	"Cocolithus pelagicus"	"Occurrence"	79848.528	6	0.00007514227438231547	"l"	"present"	"verified"	25	16635.11	50	1000	1	3992.4264	"Niskin bottle"	"phytoplankton"							
5	60	"iopan.pl"	5	"cells/l"	"Phaeocystis pouchetii"	2015	"MOSJ2015"	"V12"	"PHT-39"		"Occurrence"	79848.528	6	0.00007514227438231547	"l"	"present"	"verified"	25	16635.11	50	1000	1	3992.4264	"Niskin bottle"	"phytoplankton"							
5	60	"iopan.pl"	5	"cells/l"	"Eukaryota incertae sedis"	2015	"MOSJ2015"	"V12"	"PHT-39"		"Occurrence"	13308.088	1	0.00007514227438231547	"l"	"present"	"verified"	25	16635.11	50	1000	1	665.4044	"Niskin bottle"	"phytoplankton"			"Unknown cycts"				
5	60	"iopan.pl"	5	"cells/l"	"Teleaulax"	2015	"MOSJ2015"	"V12"	"PHT-39"		"Occurrence"	26616.176	2	0.00007514227438231547	"l"	"present"	"verified"	25	16635.11	50	1000	1	1330.8088	"Niskin bottle"	"phytoplankton"	"sp."	"species"					
5	60	"iopan.pl"	5	"cells/l"	"Eukaryota incertae sedis"	2015	"MOSJ2015"	"V12"	"PHT-39"	"Uniflagellates"	"Occurrence"	13308.088	1	0.00007514227438231547	"l"	"present"	"verified"	25	16635.11	50	1000	1	665.4044	"Niskin bottle"	"phytoplankton"	"indet."						
5	60	"iopan.pl"	5	"cells/l"	"Eukaryota incertae sedis"	2015	"MOSJ2015"	"V12"	"PHT-39"	"Biflagellates"	"Occurrence"	13308.088	1	0.00007514227438231547	"l"	"present"	"verified"	25	16635.11	50	1000	1	665.4044	"Niskin bottle"	"phytoplankton"	"indet."						
5	60	"iopan.pl"	5	"cells/l"	"Eukaryota incertae sedis"	2015	"MOSJ2015"	"V12"	"PHT-39"	"Flagellates"	"Occurrence"	942656.233333334	34	0.000036068291703511424	"l"	"present"	"verified"	12	16635.11	50	1000	1	47132.8116666667	"Niskin bottle"	"phytoplankton"	"indet."						
5	60	"iopan.pl"	5	"cells/l"	"Eukaryota incertae sedis"	2015	"MOSJ2015"	"V12"	"PHT-39"	"Flagellates"	"Occurrence"	270320.5375	13	0.0000480910556046819	"l"	"present"	"verified"	16	16635.11	50	1000	1	13516.026875	"Niskin bottle"	"phytoplankton"	"indet."						
5	60	"iopan.pl"	5	"cells/l"	"Gymnodinium wulffii"	2015	"MOSJ2015"	"V12"	"PHT-39"	"Gymnodinium wulfii"	"Occurrence"	226237.496	17	0.00007514227438231547	"l"	"present"	"verified"	25	16635.11	50	1000	1	11311.8748	"Niskin bottle"	"phytoplankton"							
5	60	"iopan.pl"	5	"cells/l"	"Calycomonas"	2015	"MOSJ2015"	"V12"	"PHT-39"		"Occurrence"	26616.176	2	0.00007514227438231547	"l"	"present"	"verified"	25	16635.11	50	1000	1	1330.8088	"Niskin bottle"	"phytoplankton"	"sp."	"species"					
100	10	"iopan.pl"	100	"cells/l"	"Eukaryota incertae sedis"	2015	"MOSJ2015"	"V10"	"PHT-40"		"Occurrence"	97.4575757575758	1	0.010260874972793134	"l"	"present"	"verified"	66	321.61	50	1000	1	4.87287878787879	"Niskin bottle"	"phytoplankton"			"Unknown cycts"				
100	40	"iopan.pl"	100	"cells/l"	"Gymnodinium"	2015	"MOSJ2015"	"V10"	"PHT-40"		"Occurrence"	9349.17878787879	7	0.0007487288625901027	"l"	"present"	"verified"	66	4407.47	50	1000	1	467.458939393939	"Niskin bottle"	"phytoplankton"	"sp. ‘krasnal”"	"species"					
100	40	"iopan.pl"	100	"cells/l"	"Cryptophyta"	2015	"MOSJ2015"	"V10"	"PHT-40"		"Occurrence"	4006.79090909091	3	0.0007487288625901027	"l"	"present"	"verified"	66	4407.47	50	1000	1	200.339545454545	"Niskin bottle"	"phytoplankton"	"indet."						
100	40	"iopan.pl"	100	"cells/l"	"Eukaryota incertae sedis"	2015	"MOSJ2015"	"V10"	"PHT-40"	"Cocoid cell 3-7um"	"Occurrence"	16027.1636363636	12	0.0007487288625901027	"l"	"present"	"verified"	66	4407.47	50	1000	1	801.358181818182	"Niskin bottle"	"phytoplankton"			"Cocoid cell"				
100	40	"iopan.pl"	100	"cells/l"	"Lessardia elongata"	2015	"MOSJ2015"	"V10"	"PHT-40"		"Occurrence"	1335.59696969697	1	0.0007487288625901027	"l"	"present"	"verified"	66	4407.47	50	1000	1	66.7798484848485	"Niskin bottle"	"phytoplankton"							
100	40	"iopan.pl"	100	"cells/l"	"Pronoctiluca"	2015	"MOSJ2015"	"V10"	"PHT-40"		"Occurrence"	1335.59696969697	1	0.0007487288625901027	"l"	"present"	"verified"	66	4407.47	50	1000	1	66.7798484848485	"Niskin bottle"	"phytoplankton"	"sp."	"species"					
100	10	"iopan.pl"	100	"cells/l"	"Lohmanniella oviformis"	2015	"MOSJ2015"	"V10"	"PHT-35"		"Occurrence"	83.5350649350649	1	0.01197102080159199	"l"	"present"	"verified"	77	321.61	50	1000	1	4.17675324675325	"Niskin bottle"	"phytoplankton"							
100	40	"iopan.pl"	100	"cells/l"	"Eukaryota incertae sedis"	2015	"MOSJ2015"	"V10"	"PHT-35"	"Cocoid cell 3-7um"	"Occurrence"	35259.76	8	0.00022688753411821295	"l"	"present"	"verified"	20	4407.47	50	1000	1	1762.988	"Niskin bottle"	"phytoplankton"			"Cocoid cell"				
100	40	"iopan.pl"	100	"cells/l"	"Coccolithus pelagicus"	2015	"MOSJ2015"	"V10"	"PHT-35"	"Cocolithus pelagicus"	"Occurrence"	4407.47	1	0.00022688753411821295	"l"	"present"	"verified"	20	4407.47	50	1000	1	220.3735	"Niskin bottle"	"phytoplankton"							
100	40	"iopan.pl"	100	"cells/l"	"Gymnodiniales"	2015	"MOSJ2015"	"V10"	"PHT-35"	"Gymnodiniales indet 10um"	"Occurrence"	4407.47	1	0.00022688753411821295	"l"	"present"	"verified"	20	4407.47	50	1000	1	220.3735	"Niskin bottle"	"phytoplankton"	"indet."						
100	10	"iopan.pl"	100	"cells/l"	"Lohmanniella oviformis"	2015	"MOSJ2015"	"V10"	"PHT-17"		"Occurrence"	144.543820224719	2	0.013836634433008923	"l"	"present"	"verified"	89	321.61	50	1000	1	7.22719101123596	"Niskin bottle"	"phytoplankton"							
25	10	"iopan.pl"	25	"cells/l"	"Acanthostomella norvegica"	2015	"MOSJ2015"	"KB3"	"PHT-17"	"Acantostomella norvegica"	"Occurrence"	144.543820224719	2	0.013836634433008923	"l"	"present"	"verified"	89	321.61	50	1000	1	7.22719101123596	"Niskin bottle"	"phytoplankton"							
25	10	"iopan.pl"	25	"cells/l"	"Gymnodinium arcticum"	2015	"MOSJ2015"	"KB3"	"PHT-17"		"Occurrence"	72.2719101123596	1	0.013836634433008923	"l"	"present"	"verified"	89	321.61	50	1000	1	3.61359550561798	"Niskin bottle"	"phytoplankton"							
25	10	"iopan.pl"	25	"cells/l"	"Eukaryota incertae sedis"	2015	"MOSJ2015"	"KB3"	"PHT-17"	"Cocoid cell 3-7um"	"Occurrence"	249756.633333333	51	0.00020419878070639162	"l"	"present"	"verified"	18	4407.47	50	1000	1	12487.8316666667	"Niskin bottle"	"phytoplankton"			"Cocoid cell"				
25	10	"iopan.pl"	25	"cells/l"	"Telonema subtile"	2015	"MOSJ2015"	"KB3"	"PHT-17"	"Telonemma subtilis"	"Occurrence"	48971.8888888889	10	0.00020419878070639162	"l"	"present"	"verified"	18	4407.47	50	1000	1	2448.59444444444	"Niskin bottle"	"phytoplankton"							
25	10	"iopan.pl"	25	"cells/l"	"Gymnodinium simplex"	2015	"MOSJ2015"	"KB3"	"PHT-17"		"Occurrence"	24485.9444444444	5	0.00020419878070639162	"l"	"present"	"verified"	18	4407.47	50	1000	1	1224.29722222222	"Niskin bottle"	"phytoplankton"							
25	10	"iopan.pl"	25	"cells/l"	"Prorocentrum cordatum"	2015	"MOSJ2015"	"KB3"	"PHT-17"	"Prorocentrum minimum"	"Occurrence"	4897.18888888889	1	0.00020419878070639162	"l"	"present"	"verified"	18	4407.47	50	1000	1	244.859444444444	"Niskin bottle"	"phytoplankton"							
25	10	"iopan.pl"	25	"cells/l"	"Gymnodinium galeatum"	2015	"MOSJ2015"	"KB3"	"PHT-17"	"Gymnodinium gaelatum"	"Occurrence"	9794.37777777778	2	0.00020419878070639162	"l"	"present"	"verified"	18	4407.47	50	1000	1	489.718888888889	"Niskin bottle"	"phytoplankton"							
25	10	"iopan.pl"	25	"cells/l"	"Gymnodinium wulffii"	2015	"MOSJ2015"	"KB3"	"PHT-17"	"Gymnodinium wulfii"	"Occurrence"	14691.5666666667	3	0.00020419878070639162	"l"	"present"	"verified"	18	4407.47	50	1000	1	734.578333333333	"Niskin bottle"	"phytoplankton"							
25	10	"iopan.pl"	25	"cells/l"	"Teleaulax"	2015	"MOSJ2015"	"KB3"	"PHT-17"		"Occurrence"	9794.37777777778	2	0.00020419878070639162	"l"	"present"	"verified"	18	4407.47	50	1000	1	489.718888888889	"Niskin bottle"	"phytoplankton"	"sp."	"species"					
25	10	"iopan.pl"	25	"cells/l"	"Coccolithus pelagicus"	2015	"MOSJ2015"	"KB3"	"PHT-17"	"Cocolithus pelagicus"	"Occurrence"	9794.37777777778	2	0.00020419878070639162	"l"	"present"	"verified"	18	4407.47	50	1000	1	489.718888888889	"Niskin bottle"	"phytoplankton"							
25	10	"iopan.pl"	25	"cells/l"	"Oxyrrhis marina"	2015	"MOSJ2015"	"KB3"	"PHT-17"	"Oxyrhis marina"	"Occurrence"	4897.18888888889	1	0.00020419878070639162	"l"	"present"	"verified"	18	4407.47	50	1000	1	244.859444444444	"Niskin bottle"	"phytoplankton"							
25	10	"iopan.pl"	25	"cells/l"	"Eukaryota incertae sedis"	2015	"MOSJ2015"	"KB3"	"PHT-17"	"Uniflagellates"	"Occurrence"	4897.18888888889	1	0.00020419878070639162	"l"	"present"	"verified"	18	4407.47	50	1000	1	244.859444444444	"Niskin bottle"	"phytoplankton"	"indet."						
10	10	"iopan.pl"	10	"cells/l"	"Phaeocystis pouchetii"	2015	"MOSJ2015"	"V10"	"PHT-44"		"Occurrence"	357.344444444445	1	0.0027984204471254003	"l"	"present"	"verified"	18	321.61	50	1000	1	17.8672222222222	"Niskin bottle"	"phytoplankton"							
10	10	"iopan.pl"	10	"cells/l"	"Strombidium conicum"	2015	"MOSJ2015"	"V10"	"PHT-44"		"Occurrence"	357.344444444445	1	0.0027984204471254003	"l"	"present"	"verified"	18	321.61	50	1000	1	17.8672222222222	"Niskin bottle"	"phytoplankton"							
10	10	"iopan.pl"	10	"cells/l"	"Mesodinium rubrum"	2015	"MOSJ2015"	"V10"	"PHT-44"		"Occurrence"	357.344444444445	1	0.0027984204471254003	"l"	"present"	"verified"	18	321.61	50	1000	1	17.8672222222222	"Niskin bottle"	"phytoplankton"							
10	10	"iopan.pl"	10	"cells/l"	"Lohmanniella oviformis"	2015	"MOSJ2015"	"V10"	"PHT-44"		"Occurrence"	123.696153846154	1	0.008084325736140045	"l"	"present"	"verified"	52	321.61	50	1000	1	6.18480769230769	"Niskin bottle"	"phytoplankton"							
10	10	"iopan.pl"	10	"cells/l"	"Gymnodinium wulffii"	2015	"MOSJ2015"	"V10"	"PHT-44"	"Gymnodinium wulfii"	"Occurrence"	182986.21	11	0.00006011381950585238	"l"	"present"	"verified"	20	16635.11	50	1000	1	9149.3105	"Niskin bottle"	"phytoplankton"							
10	10	"iopan.pl"	10	"cells/l"	"Phaeocystis pouchetii"	2015	"MOSJ2015"	"V10"	"PHT-44"	"Phaeocystis pouchetii 3um"	"Occurrence"	1758568.77142857	74	0.000042079673654096666	"l"	"present"	"verified"	14	16635.11	50	1000	1	87928.4385714286	"Niskin bottle"	"phytoplankton"							
10	10	"iopan.pl"	10	"cells/l"	"Pyramimonas"	2015	"MOSJ2015"	"V10"	"PHT-44"	"Pyromimonas"	"Occurrence"	216256.43	13	0.00006011381950585238	"l"	"present"	"verified"	20	16635.11	50	1000	1	10812.8215	"Niskin bottle"	"phytoplankton"	"sp."	"species"					
10	10	"iopan.pl"	10	"cells/l"	"Cryptophyta"	2015	"MOSJ2015"	"V10"	"PHT-44"	"Cryptophyta indet. >10um"	"Occurrence"	1147822.59	69	0.00006011381950585238	"l"	"present"	"verified"	20	16635.11	50	1000	1	57391.1295	"Niskin bottle"	"phytoplankton"	"indet."						
10	10	"iopan.pl"	10	"cells/l"	"Teleaulax"	2015	"MOSJ2015"	"V10"	"PHT-44"		"Occurrence"	49905.33	3	0.00006011381950585238	"l"	"present"	"verified"	20	16635.11	50	1000	1	2495.2665	"Niskin bottle"	"phytoplankton"	"sp."	"species"					
10	10	"iopan.pl"	10	"cells/l"	"Eukaryota incertae sedis"	2015	"MOSJ2015"	"V10"	"PHT-44"	"Flagellates"	"Occurrence"	66540.44	4	0.00006011381950585238	"l"	"present"	"verified"	20	16635.11	50	1000	1	3327.022	"Niskin bottle"	"phytoplankton"	"indet."						
10	10	"iopan.pl"	10	"cells/l"	"Telonema subtile"	2015	"MOSJ2015"	"V10"	"PHT-44"	"Telonemma subtilis"	"Occurrence"	16635.11	1	0.00006011381950585238	"l"	"present"	"verified"	20	16635.11	50	1000	1	831.7555	"Niskin bottle"	"phytoplankton"							
10	10	"iopan.pl"	10	"cells/l"	"Pseudoscourfieldia marina"	2015	"MOSJ2015"	"V10"	"PHT-44"		"Occurrence"	33270.22	2	0.00006011381950585238	"l"	"present"	"verified"	20	16635.11	50	1000	1	1663.511	"Niskin bottle"	"phytoplankton"							
10	10	"iopan.pl"	10	"cells/l"	"Algirosphaera"	2015	"MOSJ2015"	"V10"	"PHT-44"		"Occurrence"	33270.22	2	0.00006011381950585238	"l"	"present"	"verified"	20	16635.11	50	1000	1	1663.511	"Niskin bottle"	"phytoplankton"							
10	10	"iopan.pl"	10	"cells/l"	"Statocysta of Dinobryon"	2015	"MOSJ2015"	"V10"	"PHT-44"		"Occurrence"	49905.33	3	0.00006011381950585238	"l"	"present"	"verified"	20	16635.11	50	1000	1	2495.2665	"Niskin bottle"	"phytoplankton"	"sp."	"species"					
10	10	"iopan.pl"	10	"cells/l"	"Cryptophyta"	2015	"MOSJ2015"	"V10"	"PHT-44"	"Cryptophyta indet. 4um"	"Occurrence"	16635.11	1	0.00006011381950585238	"l"	"present"	"verified"	20	16635.11	50	1000	1	831.7555	"Niskin bottle"	"phytoplankton"	"indet."						
10	10	"iopan.pl"	10	"cells/l"	"Chrysochromulina"	2015	"MOSJ2015"	"V10"	"PHT-44"		"Occurrence"	33270.22	2	0.00006011381950585238	"l"	"present"	"verified"	20	16635.11	50	1000	1	1663.511	"Niskin bottle"	"phytoplankton"	"sp."	"species"					
10	10	"iopan.pl"	10	"cells/l"	"Mamiellales"	2015	"MOSJ2015"	"V10"	"PHT-44"	"Mamiellales indet"	"Occurrence"	49905.33	3	0.00006011381950585238	"l"	"present"	"verified"	20	16635.11	50	1000	1	2495.2665	"Niskin bottle"	"phytoplankton"	"indet."						
10	10	"iopan.pl"	10	"cells/l"	"Bicosta"	2015	"MOSJ2015"	"V10"	"PHT-44"		"Occurrence"	16635.11	1	0.00006011381950585238	"l"	"present"	"verified"	20	16635.11	50	1000	1	831.7555	"Niskin bottle"	"phytoplankton"	"sp."	"species"					
10	10	"iopan.pl"	10	"cells/l"	"Chrysochromulina"	2015	"MOSJ2015"	"V10"	"PHT-44"		"Occurrence"	16635.11	1	0.00006011381950585238	"l"	"present"	"verified"	20	16635.11	50	1000	1	831.7555	"Niskin bottle"	"phytoplankton"	"sp."	"species"					
10	10	"iopan.pl"	10	"cells/l"	"Pennales"	2015	"MOSJ2015"	"V10"	"PHT-44"	"Pennales indet 5um"	"Occurrence"	16635.11	1	0.00006011381950585238	"l"	"present"	"verified"	20	16635.11	50	1000	1	831.7555	"Niskin bottle"	"phytoplankton"	"indet."						
10	10	"iopan.pl"	10	"cells/l"	"Eukaryota incertae sedis"	2015	"MOSJ2015"	"V10"	"PHT-44"	"Uniflagellates"	"Occurrence"	16635.11	1	0.00006011381950585238	"l"	"present"	"verified"	20	16635.11	50	1000	1	831.7555	"Niskin bottle"	"phytoplankton"	"indet."						
10	10	"iopan.pl"	10	"cells/l"	"Lohmanniella oviformis"	2015	"MOSJ2015"	"KB3"	"PHT-18"		"Occurrence"	192.966	3	0.015546780261807778	"l"	"present"	"verified"	100	321.61	50	1000	1	9.6483	"Niskin bottle"	"phytoplankton"							
10	10	"iopan.pl"	10	"cells/l"	"Gymnodinium heterostriatum"	2015	"MOSJ2015"	"KB3"	"PHT-18"		"Occurrence"	64.322	1	0.015546780261807778	"l"	"present"	"verified"	100	321.61	50	1000	1	3.2161	"Niskin bottle"	"phytoplankton"							
10	10	"iopan.pl"	10	"cells/l"	"Leegaardiella sol"	2015	"MOSJ2015"	"KB3"	"PHT-18"	"Leegardiella sol"	"Occurrence"	64.322	1	0.015546780261807778	"l"	"present"	"verified"	100	321.61	50	1000	1	3.2161	"Niskin bottle"	"phytoplankton"							
10	10	"iopan.pl"	10	"cells/l"	"Phalacroma rotundatum"	2015	"MOSJ2015"	"KB3"	"PHT-18"	"Dinophysis rotundata"	"Occurrence"	64.322	1	0.015546780261807778	"l"	"present"	"verified"	100	321.61	50	1000	1	3.2161	"Niskin bottle"	"phytoplankton"							
10	60	"iopan.pl"	10	"cells/l"	"Eukaryota incertae sedis"	2015	"MOSJ2015"	"KB3"	"PHT-18"	"Uniflagellates"	"Occurrence"	156565.741176471	8	0.00005109674657997452	"l"	"present"	"verified"	17	16635.11	50	1000	1	7828.28705882353	"Niskin bottle"	"phytoplankton"	"indet."						
10	60	"iopan.pl"	10	"cells/l"	"Eukaryota incertae sedis"	2015	"MOSJ2015"	"KB3"	"PHT-18"	"Uniflagellates"	"Occurrence"	156565.741176471	8	0.00005109674657997452	"l"	"present"	"verified"	17	16635.11	50	1000	1	7828.28705882353	"Niskin bottle"	"phytoplankton"	"indet."						
10	60	"iopan.pl"	10	"cells/l"	"Phaeocystis pouchetii"	2015	"MOSJ2015"	"KB3"	"PHT-18"		"Occurrence"	156565.741176471	8	0.00005109674657997452	"l"	"present"	"verified"	17	16635.11	50	1000	1	7828.28705882353	"Niskin bottle"	"phytoplankton"							
10	60	"iopan.pl"	10	"cells/l"	"Prorocentrum cordatum"	2015	"MOSJ2015"	"KB3"	"PHT-18"	"Prorocentrum minimum"	"Occurrence"	156565.741176471	8	0.00005109674657997452	"l"	"present"	"verified"	17	16635.11	50	1000	1	7828.28705882353	"Niskin bottle"	"phytoplankton"							
10	60	"iopan.pl"	10	"cells/l"	"Gymnodinium galeatum"	2015	"MOSJ2015"	"KB3"	"PHT-18"	"Gymnodinium gaelatum"	"Occurrence"	156565.741176471	8	0.00005109674657997452	"l"	"present"	"verified"	17	16635.11	50	1000	1	7828.28705882353	"Niskin bottle"	"phytoplankton"							
10	60	"iopan.pl"	10	"cells/l"	"Pyramimonas"	2015	"MOSJ2015"	"KB3"	"PHT-18"		"Occurrence"	156565.741176471	8	0.00005109674657997452	"l"	"present"	"verified"	17	16635.11	50	1000	1	7828.28705882353	"Niskin bottle"	"phytoplankton"	"sp."	"species"					
10	60	"iopan.pl"	10	"cells/l"	"Ochrophyta"	2015	"MOSJ2015"	"KB3"	"PHT-18"		"Occurrence"	156565.741176471	8	0.00005109674657997452	"l"	"present"	"verified"	17	16635.11	50	1000	1	7828.28705882353	"Niskin bottle"	"phytoplankton"	"indet."						
10	60	"iopan.pl"	10	"cells/l"	"Gymnodinium wulffii"	2015	"MOSJ2015"	"KB3"	"PHT-18"	"Gymnodinium wulfii"	"Occurrence"	156565.741176471	8	0.00005109674657997452	"l"	"present"	"verified"	17	16635.11	50	1000	1	7828.28705882353	"Niskin bottle"	"phytoplankton"							
10	60	"iopan.pl"	10	"cells/l"	"Telonema subtile"	2015	"MOSJ2015"	"KB3"	"PHT-18"	"Telonemma subtilis"	"Occurrence"	156565.741176471	8	0.00005109674657997452	"l"	"present"	"verified"	17	16635.11	50	1000	1	7828.28705882353	"Niskin bottle"	"phytoplankton"							
10	60	"iopan.pl"	10	"cells/l"	"Phaeocystis pouchetii"	2015	"MOSJ2015"	"KB3"	"PHT-18"	"Phaeocystis pouchetii 3um"	"Occurrence"	156565.741176471	8	0.00005109674657997452	"l"	"present"	"verified"	17	16635.11	50	1000	1	7828.28705882353	"Niskin bottle"	"phytoplankton"							
10	60	"iopan.pl"	10	"cells/l"	"Cryptophyta"	2015	"MOSJ2015"	"KB3"	"PHT-18"	"Cryptophyta indet. 4um"	"Occurrence"	156565.741176471	8	0.00005109674657997452	"l"	"present"	"verified"	17	16635.11	50	1000	1	7828.28705882353	"Niskin bottle"	"phytoplankton"	"indet."						
10	60	"iopan.pl"	10	"cells/l"	"Cryptophyta"	2015	"MOSJ2015"	"KB3"	"PHT-18"	"Cryptophyta indet. >10um"	"Occurrence"	156565.741176471	8	0.00005109674657997452	"l"	"present"	"verified"	17	16635.11	50	1000	1	7828.28705882353	"Niskin bottle"	"phytoplankton"	"indet."						
10	40	"iopan.pl"	10	"cells/l"	"Pseudoscourfieldia marina"	2015	"MOSJ2015"	"KB3"	"PHT-18"		"Occurrence"	14691.5666666667	1	0.00006806626023546387	"l"	"present"	"verified"	6	4407.47	50	1000	1	734.578333333333	"Niskin bottle"	"phytoplankton"							
25	10	"iopan.pl"	25	"cells/l"	"Lohmanniella oviformis"	2015	"MOSJ2015"	"V10"	"PHT-42"		"Occurrence"	162.840506329114	2	0.012281956406828146	"l"	"present"	"verified"	79	321.61	50	1000	1	8.1420253164557	"Niskin bottle"	"phytoplankton"							
25	10	"iopan.pl"	25	"cells/l"	"Strombidium conicum"	2015	"MOSJ2015"	"V10"	"PHT-42"		"Occurrence"	244.260759493671	3	0.012281956406828146	"l"	"present"	"verified"	79	321.61	50	1000	1	12.2130379746835	"Niskin bottle"	"phytoplankton"							
25	10	"iopan.pl"	25	"cells/l"	"Gymnodinium heterostriatum"	2015	"MOSJ2015"	"V10"	"PHT-42"		"Occurrence"	81.420253164557	1	0.012281956406828146	"l"	"present"	"verified"	79	321.61	50	1000	1	4.07101265822785	"Niskin bottle"	"phytoplankton"							
25	10	"iopan.pl"	25	"cells/l"	"Corethron criophilum"	2015	"MOSJ2015"	"V10"	"PHT-42"	"Corethron cryophilum"	"Occurrence"	81.420253164557	1	0.012281956406828146	"l"	"present"	"verified"	79	321.61	50	1000	1	4.07101265822785	"Niskin bottle"	"phytoplankton"							
25	10	"iopan.pl"	25	"cells/l"	"Mesodinium rubrum"	2015	"MOSJ2015"	"V10"	"PHT-42"		"Occurrence"	81.420253164557	1	0.012281956406828146	"l"	"present"	"verified"	79	321.61	50	1000	1	4.07101265822785	"Niskin bottle"	"phytoplankton"							
25	40	"iopan.pl"	25	"cells/l"	"Eukaryota incertae sedis"	2015	"MOSJ2015"	"V10"	"PHT-42"	"Biflagellates"	"Occurrence"	1569059.32	89	0.00005672188352955324	"l"	"present"	"verified"	5	4407.47	50	1000	1	78452.966	"Niskin bottle"	"phytoplankton"	"indet."						
25	40	"iopan.pl"	25	"cells/l"	"Cryptophyta"	2015	"MOSJ2015"	"V10"	"PHT-42"	"Cryptophyta indet. >10um"	"Occurrence"	57297.11	13	0.00022688753411821295	"l"	"present"	"verified"	20	4407.47	50	1000	1	2864.8555	"Niskin bottle"	"phytoplankton"	"indet."						
25	40	"iopan.pl"	25	"cells/l"	"Gymnodiniales"	2015	"MOSJ2015"	"V10"	"PHT-42"	"Gymnodiniales indet 10um"	"Occurrence"	57297.11	13	0.00022688753411821295	"l"	"present"	"verified"	20	4407.47	50	1000	1	2864.8555	"Niskin bottle"	"phytoplankton"	"indet."						
25	40	"iopan.pl"	25	"cells/l"	"Eukaryota incertae sedis"	2015	"MOSJ2015"	"V10"	"PHT-42"	"Flagellates"	"Occurrence"	233595.91	53	0.00022688753411821295	"l"	"present"	"verified"	20	4407.47	50	1000	1	11679.7955	"Niskin bottle"	"phytoplankton"	"indet."						
25	40	"iopan.pl"	25	"cells/l"	"Dinobryon balticum"	2015	"MOSJ2015"	"V10"	"PHT-42"	"Dinobryon baltica"	"Occurrence"	8814.94	2	0.00022688753411821295	"l"	"present"	"verified"	20	4407.47	50	1000	1	440.747	"Niskin bottle"	"phytoplankton"							
25	40	"iopan.pl"	25	"cells/l"	"Gymnodinium wulffii"	2015	"MOSJ2015"	"V10"	"PHT-42"	"Gymnodinium wulfii"	"Occurrence"	61704.58	14	0.00022688753411821295	"l"	"present"	"verified"	20	4407.47	50	1000	1	3085.229	"Niskin bottle"	"phytoplankton"							
25	40	"iopan.pl"	25	"cells/l"	"Telonema subtile"	2015	"MOSJ2015"	"V10"	"PHT-42"	"Telonemma subtilis"	"Occurrence"	26444.82	6	0.00022688753411821295	"l"	"present"	"verified"	20	4407.47	50	1000	1	1322.241	"Niskin bottle"	"phytoplankton"							
25	40	"iopan.pl"	25	"cells/l"	"Pseudoscourfieldia marina"	2015	"MOSJ2015"	"V10"	"PHT-42"		"Occurrence"	17629.88	4	0.00022688753411821295	"l"	"present"	"verified"	20	4407.47	50	1000	1	881.494	"Niskin bottle"	"phytoplankton"							
25	40	"iopan.pl"	25	"cells/l"	"Phaeocystis pouchetii"	2015	"MOSJ2015"	"V10"	"PHT-42"		"Occurrence"	4407.47	1	0.00022688753411821295	"l"	"present"	"verified"	20	4407.47	50	1000	1	220.3735	"Niskin bottle"	"phytoplankton"							
25	40	"iopan.pl"	25	"cells/l"	"Statocysta of Dinobryon"	2015	"MOSJ2015"	"V10"	"PHT-42"		"Occurrence"	4407.47	1	0.00022688753411821295	"l"	"present"	"verified"	20	4407.47	50	1000	1	220.3735	"Niskin bottle"	"phytoplankton"	"sp."	"species"					
25	40	"iopan.pl"	25	"cells/l"	"Pyramimonas"	2015	"MOSJ2015"	"V10"	"PHT-42"		"Occurrence"	8814.94	2	0.00022688753411821295	"l"	"present"	"verified"	20	4407.47	50	1000	1	440.747	"Niskin bottle"	"phytoplankton"	"sp."	"species"					
25	40	"iopan.pl"	25	"cells/l"	"Teleaulax"	2015	"MOSJ2015"	"V10"	"PHT-42"		"Occurrence"	4407.47	1	0.00022688753411821295	"l"	"present"	"verified"	20	4407.47	50	1000	1	220.3735	"Niskin bottle"	"phytoplankton"	"sp."	"species"					
25	40	"iopan.pl"	25	"cells/l"	"Coccolithus pelagicus"	2015	"MOSJ2015"	"V10"	"PHT-42"	"Cocolithus pelagicus"	"Occurrence"	8814.94	2	0.00022688753411821295	"l"	"present"	"verified"	20	4407.47	50	1000	1	440.747	"Niskin bottle"	"phytoplankton"							
25	40	"iopan.pl"	25	"cells/l"	"Oxyrrhis marina"	2015	"MOSJ2015"	"V10"	"PHT-42"	"Oxyrhis marina"	"Occurrence"	4407.47	1	0.00022688753411821295	"l"	"present"	"verified"	20	4407.47	50	1000	1	220.3735	"Niskin bottle"	"phytoplankton"							
100	10	"iopan.pl"	100	"cells/l"	"Tintinidae"	2015	"MOSJ2015"	"KB0"	"PHT-30"	"Tintinnida aglutin."	"Occurrence"	153.147619047619	2	0.013059295419918534	"l"	"present"	"verified"	84	321.61	50	1000	1	7.65738095238095	"Niskin bottle"	"phytoplankton"							
100	40	"iopan.pl"	100	"cells/l"	"Eukaryota incertae sedis"	2015	"MOSJ2015"	"KB0"	"PHT-30"	"Flagellates"	"Occurrence"	6959.16315789474	3	0.0004310863148246046	"l"	"present"	"verified"	38	4407.47	50	1000	1	347.958157894737	"Niskin bottle"	"phytoplankton"	"indet."						
100	40	"iopan.pl"	100	"cells/l"	"Coccolithus pelagicus"	2015	"MOSJ2015"	"KB0"	"PHT-30"	"Cocolithus pelagicus"	"Occurrence"	13918.3263157895	6	0.0004310863148246046	"l"	"present"	"verified"	38	4407.47	50	1000	1	695.916315789474	"Niskin bottle"	"phytoplankton"							
100	40	"iopan.pl"	100	"cells/l"	"Phaeocystis pouchetii"	2015	"MOSJ2015"	"KB0"	"PHT-30"		"Occurrence"	2319.72105263158	1	0.0004310863148246046	"l"	"present"	"verified"	38	4407.47	50	1000	1	115.986052631579	"Niskin bottle"	"phytoplankton"							
100	40	"iopan.pl"	100	"cells/l"	"Gymnodinium galeatum"	2015	"MOSJ2015"	"KB0"	"PHT-30"	"Gymnodinium gaelatum"	"Occurrence"	2319.72105263158	1	0.0004310863148246046	"l"	"present"	"verified"	38	4407.47	50	1000	1	115.986052631579	"Niskin bottle"	"phytoplankton"							
100		"iopan.pl"	100	"cells/l"	"Cochlodinium pulchellum"	2015	"MOSJ2015"	"KB1"	"PHT-25"		"Occurrence"	73.9333333333333	1	0.013525698827772766	"l"	"present"	"verified"	87	321.61	50	1000	1	3.69666666666667	"Niskin bottle"	"phytoplankton"							
100		"iopan.pl"	100	"cells/l"	"Ciliophora"	2015	"MOSJ2015"	"KB1"	"PHT-25"		"Occurrence"	73.9333333333333	1	0.013525698827772766	"l"	"present"	"verified"	87	321.61	50	1000	1	3.69666666666667	"Niskin bottle"	"phytoplankton"	"indet."						
100		"iopan.pl"	100	"cells/l"	"Leegaardiella sol"	2015	"MOSJ2015"	"KB1"	"PHT-25"	"Leegardiella sol"	"Occurrence"	147.866666666667	2	0.013525698827772766	"l"	"present"	"verified"	87	321.61	50	1000	1	7.39333333333333	"Niskin bottle"	"phytoplankton"							
100		"iopan.pl"	100	"cells/l"	"Mesodinium rubrum"	2015	"MOSJ2015"	"KB1"	"PHT-25"		"Occurrence"	73.9333333333333	1	0.013525698827772766	"l"	"present"	"verified"	87	321.61	50	1000	1	3.69666666666667	"Niskin bottle"	"phytoplankton"							
100	40	"iopan.pl"	100	"cells/l"	"Phaeocystis pouchetii"	2015	"MOSJ2015"	"KB1"	"PHT-25"	"Phaeocystis pouchetii 3um"	"Occurrence"	22506.229787234	12	0.0005331857051778004	"l"	"present"	"verified"	47	4407.47	50	1000	1	1125.3114893617	"Niskin bottle"	"phytoplankton"							
100	40	"iopan.pl"	100	"cells/l"	"Coccolithus pelagicus"	2015	"MOSJ2015"	"KB1"	"PHT-25"	"Cocolithus pelagicus"	"Occurrence"	11253.114893617	6	0.0005331857051778004	"l"	"present"	"verified"	47	4407.47	50	1000	1	562.655744680851	"Niskin bottle"	"phytoplankton"							
100	40	"iopan.pl"	100	"cells/l"	"Eukaryota incertae sedis"	2015	"MOSJ2015"	"KB1"	"PHT-25"	"Flagellates"	"Occurrence"	5626.55744680851	3	0.0005331857051778004	"l"	"present"	"verified"	47	4407.47	50	1000	1	281.327872340425	"Niskin bottle"	"phytoplankton"	"indet."						
100	40	"iopan.pl"	100	"cells/l"	"Eukaryota incertae sedis"	2015	"MOSJ2015"	"KB1"	"PHT-25"	"Flagellates"	"Occurrence"	1875.51914893617	1	0.0005331857051778004	"l"	"present"	"verified"	47	4407.47	50	1000	1	93.7759574468085	"Niskin bottle"	"phytoplankton"	"indet."						
100	40	"iopan.pl"	100	"cells/l"	"Gymnodinium gracilentum"	2015	"MOSJ2015"	"KB1"	"PHT-25"	"Gymnodinium gracilientum"	"Occurrence"	7502.07659574468	4	0.0005331857051778004	"l"	"present"	"verified"	47	4407.47	50	1000	1	375.103829787234	"Niskin bottle"	"phytoplankton"							
100	40	"iopan.pl"	100	"cells/l"	"Oxyrrhis marina"	2015	"MOSJ2015"	"KB1"	"PHT-25"	"Oxyrhis marina"	"Occurrence"	1875.51914893617	1	0.0005331857051778004	"l"	"present"	"verified"	47	4407.47	50	1000	1	93.7759574468085	"Niskin bottle"	"phytoplankton"							
100	40	"iopan.pl"	100	"cells/l"	"Phaeocystis pouchetii"	2015	"MOSJ2015"	"KB1"	"PHT-25"		"Occurrence"	1875.51914893617	1	0.0005331857051778004	"l"	"present"	"verified"	47	4407.47	50	1000	1	93.7759574468085	"Niskin bottle"	"phytoplankton"							
100	40	"iopan.pl"	100	"cells/l"	"Gymnodinium arcticum"	2015	"MOSJ2015"	"KB1"	"PHT-25"		"Occurrence"	3751.03829787234	2	0.0005331857051778004	"l"	"present"	"verified"	47	4407.47	50	1000	1	187.551914893617	"Niskin bottle"	"phytoplankton"							
100	10	"iopan.pl"	100	"cells/l"	"Strombidium"	2015	"MOSJ2015"	"KB2"	"PHT-20"		"Occurrence"	85.7626666666667	1	0.011660085196355833	"l"	"present"	"verified"	75	321.61	50	1000	1	4.28813333333333	"Niskin bottle"	"phytoplankton"	"sp."	"species"					
100	10	"iopan.pl"	100	"cells/l"	"Ciliophora"	2015	"MOSJ2015"	"KB2"	"PHT-20"		"Occurrence"	85.7626666666667	1	0.011660085196355833	"l"	"present"	"verified"	75	321.61	50	1000	1	4.28813333333333	"Niskin bottle"	"phytoplankton"	"indet."						
100	40	"iopan.pl"	100	"cells/l"	"Coccolithus pelagicus"	2015	"MOSJ2015"	"KB2"	"PHT-20"		"Occurrence"	4989.58867924528	3	0.0006012519654132643	"l"	"present"	"verified"	53	4407.47	50	1000	1	249.479433962264	"Niskin bottle"	"phytoplankton"							
100	40	"iopan.pl"	100	"cells/l"	"Gymnodiniales"	2015	"MOSJ2015"	"KB2"	"PHT-20"	"Gymnodiniales indet 10um"	"Occurrence"	4989.58867924528	3	0.0006012519654132643	"l"	"present"	"verified"	53	4407.47	50	1000	1	249.479433962264	"Niskin bottle"	"phytoplankton"	"indet."						
100	40	"iopan.pl"	100	"cells/l"	"Eukaryota incertae sedis"	2015	"MOSJ2015"	"KB2"	"PHT-20"	"Flagellates"	"Occurrence"	4989.58867924528	3	0.0006012519654132643	"l"	"present"	"verified"	53	4407.47	50	1000	1	249.479433962264	"Niskin bottle"	"phytoplankton"	"indet."						
100	40	"iopan.pl"	100	"cells/l"	"Eukaryota incertae sedis"	2015	"MOSJ2015"	"KB2"	"PHT-20"	"Cocoid cell 3-7um"	"Occurrence"	4989.58867924528	3	0.0006012519654132643	"l"	"present"	"verified"	53	4407.47	50	1000	1	249.479433962264	"Niskin bottle"	"phytoplankton"			"Cocoid cell"				
100	40	"iopan.pl"	100	"cells/l"	"Strombidium conicum"	2015	"MOSJ2015"	"KB2"	"PHT-20"		"Occurrence"	4989.58867924528	3	0.0006012519654132643	"l"	"present"	"verified"	53	4407.47	50	1000	1	249.479433962264	"Niskin bottle"	"phytoplankton"							
100	40	"iopan.pl"	100	"cells/l"	"Gyrodinium"	2015	"MOSJ2015"	"KB2"	"PHT-20"	"Gyrodinium sp. cf G. fusiforme"	"Occurrence"	4989.58867924528	3	0.0006012519654132643	"l"	"present"	"verified"	53	4407.47	50	1000	1	249.479433962264	"Niskin bottle"	"phytoplankton"	"sp. cf. G. fusiforme"	"species"					
100	40	"iopan.pl"	100	"cells/l"	"Gymnodinium gracilentum"	2015	"MOSJ2015"	"KB2"	"PHT-20"	"Gymnodinium gracilientum"	"Occurrence"	4989.58867924528	3	0.0006012519654132643	"l"	"present"	"verified"	53	4407.47	50	1000	1	249.479433962264	"Niskin bottle"	"phytoplankton"							
100	40	"iopan.pl"	100	"cells/l"	"Statocysta of Dinobryon"	2015	"MOSJ2015"	"KB2"	"PHT-20"		"Occurrence"	4989.58867924528	3	0.0006012519654132643	"l"	"present"	"verified"	53	4407.47	50	1000	1	249.479433962264	"Niskin bottle"	"phytoplankton"	"sp."	"species"					
50	10	"iopan.pl"	50	"cells/l"	"Lohmanniella oviformis"	2015	"MOSJ2015"	"V10"	"PHT-41"		"Occurrence"	476.459259259259	6	0.012592892012064302	"l"	"present"	"verified"	81	321.61	50	1000	1	23.822962962963	"Niskin bottle"	"phytoplankton"							
50	10	"iopan.pl"	50	"cells/l"	"Thalassiosira antarctica"	2015	"MOSJ2015"	"V10"	"PHT-41"		"Occurrence"	79.4098765432099	1	0.012592892012064302	"l"	"present"	"verified"	81	321.61	50	1000	1	3.97049382716049	"Niskin bottle"	"phytoplankton"							
50	10	"iopan.pl"	50	"cells/l"	"Strombidium conicum"	2015	"MOSJ2015"	"V10"	"PHT-41"		"Occurrence"	158.81975308642	2	0.012592892012064302	"l"	"present"	"verified"	81	321.61	50	1000	1	7.94098765432099	"Niskin bottle"	"phytoplankton"							
50	10	"iopan.pl"	50	"cells/l"	"Scrippsiella"	2015	"MOSJ2015"	"V10"	"PHT-41"	"Scrippsiella/Gynmnodinium"	"Occurrence"	79.4098765432099	1	0.012592892012064302	"l"	"present"	"verified"	81	321.61	50	1000	1	3.97049382716049	"Niskin bottle"	"phytoplankton"	"sp."	"species"					
50	10	"iopan.pl"	50	"cells/l"	"Mesodinium rubrum"	2015	"MOSJ2015"	"V10"	"PHT-41"		"Occurrence"	79.4098765432099	1	0.012592892012064302	"l"	"present"	"verified"	81	321.61	50	1000	1	3.97049382716049	"Niskin bottle"	"phytoplankton"							
50	10	"iopan.pl"	50	"cells/l"	"Leegaardiella sol"	2015	"MOSJ2015"	"V10"	"PHT-41"	"Leegardiella sol"	"Occurrence"	158.81975308642	2	0.012592892012064302	"l"	"present"	"verified"	81	321.61	50	1000	1	7.94098765432099	"Niskin bottle"	"phytoplankton"							
50	40	"iopan.pl"	50	"cells/l"	"Phaeocystis pouchetii"	2015	"MOSJ2015"	"V10"	"PHT-41"		"Occurrence"	14103.904	4	0.00028360941764776613	"l"	"present"	"verified"	25	4407.47	50	1000	1	705.1952	"Niskin bottle"	"phytoplankton"							
50	40	"iopan.pl"	50	"cells/l"	"Gymnodinium gracilentum"	2015	"MOSJ2015"	"V10"	"PHT-41"	"Gymnodinium gracilientum"	"Occurrence"	31733.784	9	0.00028360941764776613	"l"	"present"	"verified"	25	4407.47	50	1000	1	1586.6892	"Niskin bottle"	"phytoplankton"							
50	40	"iopan.pl"	50	"cells/l"	"Eukaryota incertae sedis"	2015	"MOSJ2015"	"V10"	"PHT-41"	"Flagellates"	"Occurrence"	31733.784	9	0.00028360941764776613	"l"	"present"	"verified"	25	4407.47	50	1000	1	1586.6892	"Niskin bottle"	"phytoplankton"	"indet."						
50	40	"iopan.pl"	50	"cells/l"	"Eukaryota incertae sedis"	2015	"MOSJ2015"	"V10"	"PHT-41"	"Cocoid cell 3-7um"	"Occurrence"	7051.952	2	0.00028360941764776613	"l"	"present"	"verified"	25	4407.47	50	1000	1	352.5976	"Niskin bottle"	"phytoplankton"			"Cocoid cell"				
50	40	"iopan.pl"	50	"cells/l"	"Coronosphaera"	2015	"MOSJ2015"	"V10"	"PHT-41"		"Occurrence"	45837.688	13	0.00028360941764776613	"l"	"present"	"verified"	25	4407.47	50	1000	1	2291.8844	"Niskin bottle"	"phytoplankton"	"sp."	"species"					
50	40	"iopan.pl"	50	"cells/l"	"Gymnodiniales"	2015	"MOSJ2015"	"V10"	"PHT-41"	"Gymnodiniales indet 10um"	"Occurrence"	3525.976	1	0.00028360941764776613	"l"	"present"	"verified"	25	4407.47	50	1000	1	176.2988	"Niskin bottle"	"phytoplankton"	"indet."						
50	40	"iopan.pl"	50	"cells/l"	"Cryptophyta"	2015	"MOSJ2015"	"V10"	"PHT-41"		"Occurrence"	3525.976	1	0.00028360941764776613	"l"	"present"	"verified"	25	4407.47	50	1000	1	176.2988	"Niskin bottle"	"phytoplankton"	"indet."						
50	40	"iopan.pl"	50	"cells/l"	"Monosiga"	2015	"MOSJ2015"	"V10"	"PHT-41"		"Occurrence"	3525.976	1	0.00028360941764776613	"l"	"present"	"verified"	25	4407.47	50	1000	1	176.2988	"Niskin bottle"	"phytoplankton"	"sp."	"species"					
50	40	"iopan.pl"	50	"cells/l"	"Teleaulax"	2015	"MOSJ2015"	"V10"	"PHT-41"		"Occurrence"	3525.976	1	0.00028360941764776613	"l"	"present"	"verified"	25	4407.47	50	1000	1	176.2988	"Niskin bottle"	"phytoplankton"	"sp."	"species"					
50	40	"iopan.pl"	50	"cells/l"	"Telonema subtile"	2015	"MOSJ2015"	"V10"	"PHT-41"	"Telonemma subtilis"	"Occurrence"	7051.952	2	0.00028360941764776613	"l"	"present"	"verified"	25	4407.47	50	1000	1	352.5976	"Niskin bottle"	"phytoplankton"							
50	10	"iopan.pl"	50	"cells/l"	"Ciliophora"	2015	"MOSJ2015"	"KB"	"PHT-21"		"Occurrence"	66.3113402061856	1	0.015080376853953546	"l"	"present"	"verified"	97	321.61	50	1000	1	3.31556701030928	"Niskin bottle"	"phytoplankton"	"indet."						
50	10	"iopan.pl"	50	"cells/l"	"Leegaardiella sol"	2015	"MOSJ2015"	"KB"	"PHT-21"	"Leegardiella sol"	"Occurrence"	66.3113402061856	1	0.015080376853953546	"l"	"present"	"verified"	97	321.61	50	1000	1	3.31556701030928	"Niskin bottle"	"phytoplankton"							
50	10	"iopan.pl"	50	"cells/l"	"Gymnodinium heterostriatum"	2015	"MOSJ2015"	"KB"	"PHT-21"		"Occurrence"	66.3113402061856	1	0.015080376853953546	"l"	"present"	"verified"	97	321.61	50	1000	1	3.31556701030928	"Niskin bottle"	"phytoplankton"							
50	10	"iopan.pl"	50	"cells/l"	"Ptychocylis obtusa"	2015	"MOSJ2015"	"KB"	"PHT-21"		"Occurrence"	66.3113402061856	1	0.015080376853953546	"l"	"present"	"verified"	97	321.61	50	1000	1	3.31556701030928	"Niskin bottle"	"phytoplankton"							
50	40	"iopan.pl"	50	"cells/l"	"Gymnodinium galeatum"	2015	"MOSJ2015"	"KB"	"PHT-21"	"Gymnodinium gaelatum"	"Occurrence"	1695.18076923077	1	0.0005899075887073536	"l"	"present"	"verified"	52	4407.47	50	1000	1	84.7590384615385	"Niskin bottle"	"phytoplankton"							
50	40	"iopan.pl"	50	"cells/l"	"Coccolithus pelagicus"	2015	"MOSJ2015"	"KB"	"PHT-21"		"Occurrence"	10171.0846153846	6	0.0005899075887073536	"l"	"present"	"verified"	52	4407.47	50	1000	1	508.554230769231	"Niskin bottle"	"phytoplankton"							
50	40	"iopan.pl"	50	"cells/l"	"Gymnodinium"	2015	"MOSJ2015"	"KB"	"PHT-21"	"Gymnodinium sp. 10-20um"	"Occurrence"	3390.36153846154	2	0.0005899075887073536	"l"	"present"	"verified"	52	4407.47	50	1000	1	169.518076923077	"Niskin bottle"	"phytoplankton"	"sp."	"species"					
50	40	"iopan.pl"	50	"cells/l"	"Gymnodinium gracilentum"	2015	"MOSJ2015"	"KB"	"PHT-21"	"Gymnodinium gracilientum"	"Occurrence"	1695.18076923077	1	0.0005899075887073536	"l"	"present"	"verified"	52	4407.47	50	1000	1	84.7590384615385	"Niskin bottle"	"phytoplankton"							
50	40	"iopan.pl"	50	"cells/l"	"Eukaryota incertae sedis"	2015	"MOSJ2015"	"KB"	"PHT-21"	"Flagellates"	"Occurrence"	5085.54230769231	3	0.0005899075887073536	"l"	"present"	"verified"	52	4407.47	50	1000	1	254.277115384615	"Niskin bottle"	"phytoplankton"	"indet."						
50	40	"iopan.pl"	50	"cells/l"	"Gymnodiniales"	2015	"MOSJ2015"	"KB"	"PHT-21"	"Gymnodiniales indet 10um"	"Occurrence"	5085.54230769231	3	0.0005899075887073536	"l"	"present"	"verified"	52	4407.47	50	1000	1	254.277115384615	"Niskin bottle"	"phytoplankton"	"indet."						
10		"iopan.pl"	10	"cells/l"	"Strombidiidae"	2015	"MOSJ2015"	"KB2"	"PHT-23"	"Strombididae"	"Occurrence"	265.245360824742	4	0.015080376853953546	"l"	"present"	"verified"	97	321.61	50	1000	1	13.2622680412371	"Niskin bottle"	"phytoplankton"	"indet."						
10		"iopan.pl"	10	"cells/l"	"Lohmanniella oviformis"	2015	"MOSJ2015"	"KB2"	"PHT-23"		"Occurrence"	66.3113402061856	1	0.015080376853953546	"l"	"present"	"verified"	97	321.61	50	1000	1	3.31556701030928	"Niskin bottle"	"phytoplankton"							
10		"iopan.pl"	10	"cells/l"	"Gymnodinium"	2015	"MOSJ2015"	"KB2"	"PHT-23"	"Gymnodinium sp. 40um"	"Occurrence"	66.3113402061856	1	0.015080376853953546	"l"	"present"	"verified"	97	321.61	50	1000	1	3.31556701030928	"Niskin bottle"	"phytoplankton"	"sp."	"species"					
10		"iopan.pl"	10	"cells/l"	"Mesodinium rubrum"	2015	"MOSJ2015"	"KB2"	"PHT-23"		"Occurrence"	66.3113402061856	1	0.015080376853953546	"l"	"present"	"verified"	97	321.61	50	1000	1	3.31556701030928	"Niskin bottle"	"phytoplankton"							
10		"iopan.pl"	10	"cells/l"	"Gymnodinium"	2015	"MOSJ2015"	"KB2"	"PHT-23"	"Gymnodinium sp. 10-20um"	"Occurrence"	66.3113402061856	1	0.015080376853953546	"l"	"present"	"verified"	97	321.61	50	1000	1	3.31556701030928	"Niskin bottle"	"phytoplankton"	"sp."	"species"					
10		"iopan.pl"	10	"cells/l"	"Parafavella gigantea"	2015	"MOSJ2015"	"KB2"	"PHT-23"	"Parafavela gigantea"	"Occurrence"	66.3113402061856	1	0.015080376853953546	"l"	"present"	"verified"	97	321.61	50	1000	1	3.31556701030928	"Niskin bottle"	"phytoplankton"							
10	40	"iopan.pl"	10	"cells/l"	"Telonema subtile"	2015	"MOSJ2015"	"KB2"	"PHT-23"	"Telonemma subtilis"	"Occurrence"	88149.4	11	0.00012478814376501712	"l"	"present"	"verified"	11	4407.47	50	1000	1	4407.47	"Niskin bottle"	"phytoplankton"							
10	40	"iopan.pl"	10	"cells/l"	"Eukaryota incertae sedis"	2015	"MOSJ2015"	"KB2"	"PHT-23"	"Flagellates"	"Occurrence"	488828.490909091	61	0.00012478814376501712	"l"	"present"	"verified"	11	4407.47	50	1000	1	24441.4245454545	"Niskin bottle"	"phytoplankton"	"indet."						
10	40	"iopan.pl"	10	"cells/l"	"Pseudoscourfieldia marina"	2015	"MOSJ2015"	"KB2"	"PHT-23"		"Occurrence"	24040.7454545455	3	0.00012478814376501712	"l"	"present"	"verified"	11	4407.47	50	1000	1	1202.03727272727	"Niskin bottle"	"phytoplankton"							
10	40	"iopan.pl"	10	"cells/l"	"Gymnodiniales"	2015	"MOSJ2015"	"KB2"	"PHT-23"	"Gymnodiniales indet 10um"	"Occurrence"	16027.1636363636	2	0.00012478814376501712	"l"	"present"	"verified"	11	4407.47	50	1000	1	801.358181818182	"Niskin bottle"	"phytoplankton"	"indet."						
10	40	"iopan.pl"	10	"cells/l"	"Teleaulax"	2015	"MOSJ2015"	"KB2"	"PHT-23"		"Occurrence"	8013.58181818182	1	0.00012478814376501712	"l"	"present"	"verified"	11	4407.47	50	1000	1	400.679090909091	"Niskin bottle"	"phytoplankton"	"sp."	"species"					
10	40	"iopan.pl"	10	"cells/l"	"Eukaryota incertae sedis"	2015	"MOSJ2015"	"KB2"	"PHT-23"	"Uniflagellates"	"Occurrence"	8013.58181818182	1	0.00012478814376501712	"l"	"present"	"verified"	11	4407.47	50	1000	1	400.679090909091	"Niskin bottle"	"phytoplankton"	"indet."						
10	40	"iopan.pl"	10	"cells/l"	"Chrysochromulina"	2015	"MOSJ2015"	"KB2"	"PHT-23"		"Occurrence"	8013.58181818182	1	0.00012478814376501712	"l"	"present"	"verified"	11	4407.47	50	1000	1	400.679090909091	"Niskin bottle"	"phytoplankton"	"sp."	"species"					
10	40	"iopan.pl"	10	"cells/l"	"Gymnodinium"	2015	"MOSJ2015"	"KB2"	"PHT-23"	"Gymnodinium simplex/estuariale"	"Occurrence"	16027.1636363636	2	0.00012478814376501712	"l"	"present"	"verified"	11	4407.47	50	1000	1	801.358181818182	"Niskin bottle"	"phytoplankton"	"spp. simplex/estuariale"	"species"					
10	40	"iopan.pl"	10	"cells/l"	"Eukaryota incertae sedis"	2015	"MOSJ2015"	"KB2"	"PHT-23"	"Flagellates"	"Occurrence"	16027.1636363636	2	0.00012478814376501712	"l"	"present"	"verified"	11	4407.47	50	1000	1	801.358181818182	"Niskin bottle"	"phytoplankton"	"indet."						
10	40	"iopan.pl"	10	"cells/l"	"Pyramimonas"	2015	"MOSJ2015"	"KB2"	"PHT-23"		"Occurrence"	8013.58181818182	1	0.00012478814376501712	"l"	"present"	"verified"	11	4407.47	50	1000	1	400.679090909091	"Niskin bottle"	"phytoplankton"	"sp."	"species"					
10	40	"iopan.pl"	10	"cells/l"	"Plagioselmis"	2015	"MOSJ2015"	"KB2"	"PHT-23"		"Occurrence"	8013.58181818182	1	0.00012478814376501712	"l"	"present"	"verified"	11	4407.47	50	1000	1	400.679090909091	"Niskin bottle"	"phytoplankton"	"sp."	"species"					
