"maximumDepthInMeters"	"identifiedBy"	"minimumDepthInMeters"	"organismQuantityType"	"scientificName"	"year"	"expedition"	"locationID"	"fieldNumber"	"basisOfRecord"	"sampleSizeUnit"	"occurrenceStatus"	"occurrenceRemarks"	"quantificationStatus"	"maxFields"	"gear"	"sampletype"	"previousIdentifications"	"identificationQualifier"	"taxonRank"	"lifeStage"	"foto"
20	"AT"	20	"cells/l"	"Chaetoceros concavicornis"	2016	"MOSJ2016"	"V10"	"HAN-009"	"Occurrence"	"l"	"present"	"20 – 0"	"incalculable"	450.02	"Handnet"	"handnet"					
20	"AT"	20	"cells/l"	"Tripos arcticus"	2016	"MOSJ2016"	"V10"	"HAN-009"	"Occurrence"	"l"	"present"	"20 – 0"	"incalculable"	450.02	"Handnet"	"handnet"	"Ceratium arcticum"				
20	"AT"	20	"cells/l"	"Rhizosolenia hebetata"	2016	"MOSJ2016"	"V10"	"HAN-009"	"Occurrence"	"l"	"present"	"20 – 0"	"incalculable"	450.02	"Handnet"	"handnet"					
20	"AT"	20	"cells/l"	"Phalacroma rotundatum"	2016	"MOSJ2016"	"V10"	"HAN-009"	"Occurrence"	"l"	"present"	"20 – 0"	"incalculable"	450.02	"Handnet"	"handnet"	"Dinophysis rotundata"				
20	"AT"	20	"cells/l"	"Pseudo-nitzschia"	2016	"MOSJ2016"	"V10"	"HAN-009"	"Occurrence"	"l"	"present"	"20 – 0"	"incalculable"	450.02	"Handnet"	"handnet"	"Pseudo-nitzschia delicatissima/pseudodelicatissima"	"spp. delicatissima/pseudodelicatissima"	"species"		
20	"AT"	20	"cells/l"	"Scrippsiella"	2016	"MOSJ2016"	"V10"	"HAN-009"	"Occurrence"	"l"	"present"	"20 – 0"	"incalculable"	450.02	"Handnet"	"handnet"		"sp."	"species"		
20	"AT"	20	"cells/l"	"Protoperidinium pallidum"	2016	"MOSJ2016"	"V10"	"HAN-009"	"Occurrence"	"l"	"present"	"20 – 0"	"incalculable"	450.02	"Handnet"	"handnet"					
20	"AT"	20	"cells/l"	"Acanthostomella norvegica"	2016	"MOSJ2016"	"V10"	"HAN-009"	"Occurrence"	"l"	"present"	"20 – 0"	"incalculable"	450.02	"Handnet"	"handnet"					
20	"AT"	20	"cells/l"	"Dinophyceae"	2016	"MOSJ2016"	"V10"	"HAN-009"	"Occurrence"	"l"	"present"	"20 – 0"	"incalculable"	450.02	"Handnet"	"handnet"	"Dinphyceae"	"indet."		"cyst"	
20	"AT"	20	"cells/l"	"Corethron hystrix"	2016	"MOSJ2016"	"V10"	"HAN-009"	"Occurrence"	"l"	"present"	"20 – 0"	"incalculable"	450.02	"Handnet"	"handnet"					
20	"AT"	20	"cells/l"	"Strombidium"	2016	"MOSJ2016"	"V10"	"HAN-009"	"Occurrence"	"l"	"present"	"20 – 0"	"incalculable"	450.02	"Handnet"	"handnet"		"sp."	"species"		
20	"AT"	20	"cells/l"	"Gymnodiniales"	2016	"MOSJ2016"	"V10"	"HAN-009"	"Occurrence"	"l"	"present"	"20 – 0"	"incalculable"	450.02	"Handnet"	"handnet"	"Gymnodiniales indet. 40-50um"	"indet."			
20	"AT"	20	"cells/l"	"Protoperidinium brevipes"	2016	"MOSJ2016"	"V10"	"HAN-009"	"Occurrence"	"l"	"present"	"20 – 0"	"incalculable"	450.02	"Handnet"	"handnet"					
20	"AT"	20	"cells/l"	"Chaetoceros decipiens"	2016	"MOSJ2016"	"V10"	"HAN-009"	"Occurrence"	"l"	"present"	"20 – 0"	"incalculable"	450.02	"Handnet"	"handnet"					
20	"AT"	20	"cells/l"	"Parafavella obtusangula"	2016	"MOSJ2016"	"V10"	"HAN-009"	"Occurrence"	"l"	"present"	"20 – 0"	"incalculable"		"Handnet"	"handnet"					
20	"AT"	20	"cells/l"	"Chaetoceros atlanticus"	2016	"MOSJ2016"	"V10"	"HAN-009"	"Occurrence"	"l"	"present"	"20 – 0"	"incalculable"	450.02	"Handnet"	"handnet"					
20	"AT"	20	"cells/l"	"Protoperidinium pellucidum"	2016	"MOSJ2016"	"V10"	"HAN-009"	"Occurrence"	"l"	"present"	"20 – 0"	"incalculable"	450.02	"Handnet"	"handnet"					
20	"AT"	20	"cells/l"	"Tintinnopsis"	2016	"MOSJ2016"	"V10"	"HAN-009"	"Occurrence"	"l"	"present"	"20 – 0"	"incalculable"	450.02	"Handnet"	"handnet"		"sp."	"species"		
20	"AT"	20	"cells/l"	"Leegaardiella sol"	2016	"MOSJ2016"	"V10"	"HAN-009"	"Occurrence"	"l"	"present"	"20 – 0"	"incalculable"	450.02	"Handnet"	"handnet"					
20	"AT"	20	"cells/l"	"Dinophysis acuminata"	2016	"MOSJ2016"	"V10"	"HAN-009"	"Occurrence"	"l"	"present"	"20 – 0"	"incalculable"	450.02	"Handnet"	"handnet"					
20	"AT"	20	"cells/l"	"Gymnodiniales"	2016	"MOSJ2016"	"V10"	"HAN-009"	"Occurrence"	"l"	"present"	"20 – 0"	"incalculable"	450.02	"Handnet"	"handnet"	"Gymnodiniales indet. 30-40um"	"indet."			
20	"AT"	20	"cells/l"	"Acanthostomella norvegica"	2016	"MOSJ2016"	"R1"	"HAN-012"	"Occurrence"	"l"	"present"	"20 – 0"	"incalculable"		"Handnet"	"handnet"					
20	"AT"	20	"cells/l"	"Amylax triacantha"	2016	"MOSJ2016"	"R1"	"HAN-012"	"Occurrence"	"l"	"present"	"20 – 0"	"incalculable"		"Handnet"	"handnet"					
20	"AT"	20	"cells/l"	"Tripos arcticus"	2016	"MOSJ2016"	"R1"	"HAN-012"	"Occurrence"	"l"	"present"	"20 – 0"	"incalculable"		"Handnet"	"handnet"	"Ceratium arcticum"				
20	"AT"	20	"cells/l"	"Ciliophora"	2016	"MOSJ2016"	"R1"	"HAN-012"	"Occurrence"	"l"	"present"	"20 – 0"	"incalculable"		"Handnet"	"handnet"	"Ciliophora indet. 50-60um"	"indet."			
20	"AT"	20	"cells/l"	"Didinium"	2016	"MOSJ2016"	"R1"	"HAN-012"	"Occurrence"	"l"	"present"	"20 – 0"	"incalculable"		"Handnet"	"handnet"		"sp."	"species"		
20	"AT"	20	"cells/l"	"Phalacroma rotundatum"	2016	"MOSJ2016"	"R1"	"HAN-012"	"Occurrence"	"l"	"present"	"20 – 0"	"incalculable"		"Handnet"	"handnet"	"Dinophysis rotundata"				
20	"AT"	20	"cells/l"	"Gymnodiniales"	2016	"MOSJ2016"	"R1"	"HAN-012"	"Occurrence"	"l"	"present"	"20 – 0"	"incalculable"		"Handnet"	"handnet"	"Gymnodiniales indet. 30-40um"	"indet."			
20	"AT"	20	"cells/l"	"Lohmanniella oviformis"	2016	"MOSJ2016"	"R1"	"HAN-012"	"Occurrence"	"l"	"present"	"20 – 0"	"incalculable"		"Handnet"	"handnet"					
20	"AT"	20	"cells/l"	"Protoperidinium brevipes"	2016	"MOSJ2016"	"R1"	"HAN-012"	"Occurrence"	"l"	"present"	"20 – 0"	"incalculable"		"Handnet"	"handnet"					
20	"AT"	20	"cells/l"	"Protoperidinium pallidum"	2016	"MOSJ2016"	"R1"	"HAN-012"	"Occurrence"	"l"	"present"	"20 – 0"	"incalculable"		"Handnet"	"handnet"					
20	"AT"	20	"cells/l"	"Protoperidinium pellucidum"	2016	"MOSJ2016"	"R1"	"HAN-012"	"Occurrence"	"l"	"present"	"20 – 0"	"incalculable"		"Handnet"	"handnet"					
20	"AT"	20	"cells/l"	"Ptychocylis obtusa"	2016	"MOSJ2016"	"R1"	"HAN-012"	"Occurrence"	"l"	"present"	"20 – 0"	"incalculable"		"Handnet"	"handnet"					
20	"AT"	20	"cells/l"	"Rhizosolenia hebetata"	2016	"MOSJ2016"	"R1"	"HAN-012"	"Occurrence"	"l"	"present"	"20 – 0"	"incalculable"		"Handnet"	"handnet"					
20	"AT"	20	"cells/l"	"Strombidium"	2016	"MOSJ2016"	"R1"	"HAN-012"	"Occurrence"	"l"	"present"	"20 – 0"	"incalculable"		"Handnet"	"handnet"		"sp."	"species"		
20	"AT"	20	"cells/l"	"Tintinnopsis beroidea"	2016	"MOSJ2016"	"R1"	"HAN-012"	"Occurrence"	"l"	"present"	"20 – 0"	"incalculable"		"Handnet"	"handnet"					
20	"AT"	20	"cells/l"	"Acanthostomella norvegica"	2016	"MOSJ2016"	"KB3"	"HAN-004"	"Occurrence"	"l"	"present"	"20 – 0"	"incalculable"		"Handnet"	"handnet"					
20	"AT"	20	"cells/l"	"Chaetoceros decipiens"	2016	"MOSJ2016"	"KB3"	"HAN-004"	"Occurrence"	"l"	"present"	"20 – 0"	"incalculable"		"Handnet"	"handnet"					
20	"AT"	20	"cells/l"	"Ciliophora"	2016	"MOSJ2016"	"KB3"	"HAN-004"	"Occurrence"	"l"	"present"	"20 – 0"	"incalculable"		"Handnet"	"handnet"	"Ciliophora indet. 30-40um"	"indet."			
20	"AT"	20	"cells/l"	"Dictyocha speculum"	2016	"MOSJ2016"	"KB3"	"HAN-004"	"Occurrence"	"l"	"present"	"20 – 0"	"incalculable"		"Handnet"	"handnet"	"Dictiocha speculum"				
20	"AT"	20	"cells/l"	"Didinium"	2016	"MOSJ2016"	"KB3"	"HAN-004"	"Occurrence"	"l"	"present"	"20 – 0"	"incalculable"		"Handnet"	"handnet"		"sp."	"species"		
20	"AT"	20	"cells/l"	"Phalacroma rotundatum"	2016	"MOSJ2016"	"KB3"	"HAN-004"	"Occurrence"	"l"	"present"	"20 – 0"	"incalculable"		"Handnet"	"handnet"	"Dinophysis rotundata"				
20	"AT"	20	"cells/l"	"Fragilariopsis cylindrus"	2016	"MOSJ2016"	"KB3"	"HAN-004"	"Occurrence"	"l"	"present"	"20 – 0"	"incalculable"		"Handnet"	"handnet"					
20	"AT"	20	"cells/l"	"Gymnodiniales"	2016	"MOSJ2016"	"KB3"	"HAN-004"	"Occurrence"	"l"	"present"	"20 – 0"	"incalculable"		"Handnet"	"handnet"	"Gymnodiniales indet. 30-40um"	"indet."			
20	"AT"	20	"cells/l"	"Gymnodiniales"	2016	"MOSJ2016"	"KB3"	"HAN-004"	"Occurrence"	"l"	"present"	"20 – 0"	"incalculable"		"Handnet"	"handnet"	"Gymnodiniales indet. 40-50um"	"indet."			
20	"AT"	20	"cells/l"	"Leegaardiella sol"	2016	"MOSJ2016"	"KB3"	"HAN-004"	"Occurrence"	"l"	"present"	"20 – 0"	"incalculable"		"Handnet"	"handnet"					
20	"AT"	20	"cells/l"	"Mesodinium rubrum"	2016	"MOSJ2016"	"KB3"	"HAN-004"	"Occurrence"	"l"	"present"	"20 – 0"	"incalculable"		"Handnet"	"handnet"					
20	"AT"	20	"cells/l"	"Protoperidinium pallidum"	2016	"MOSJ2016"	"KB3"	"HAN-004"	"Occurrence"	"l"	"present"	"20 – 0"	"incalculable"		"Handnet"	"handnet"					
20	"AT"	20	"cells/l"	"Protoperidinium pellucidum"	2016	"MOSJ2016"	"KB3"	"HAN-004"	"Occurrence"	"l"	"present"	"20 – 0"	"incalculable"		"Handnet"	"handnet"					
20	"AT"	20	"cells/l"	"Pseudo-nitzschia"	2016	"MOSJ2016"	"KB3"	"HAN-004"	"Occurrence"	"l"	"present"	"20 – 0"	"incalculable"		"Handnet"	"handnet"	"Pseudo-nitzschia delicatissima/pseudodelicatissima"	"spp. delicatissima/pseudodelicatissima"	"species"		
20	"AT"	20	"cells/l"	"Ptychocylis obtusa"	2016	"MOSJ2016"	"KB3"	"HAN-004"	"Occurrence"	"l"	"present"	"20 – 0"	"incalculable"		"Handnet"	"handnet"					
20	"AT"	20	"cells/l"	"Rhizosolenia hebetata"	2016	"MOSJ2016"	"KB3"	"HAN-004"	"Occurrence"	"l"	"present"	"20 – 0"	"incalculable"		"Handnet"	"handnet"					
20	"AT"	20	"cells/l"	"Strombidium"	2016	"MOSJ2016"	"KB3"	"HAN-004"	"Occurrence"	"l"	"present"	"20 – 0"	"incalculable"		"Handnet"	"handnet"		"sp."	"species"		
20	"AT"	20	"cells/l"	"Thalassiosira"	2016	"MOSJ2016"	"KB3"	"HAN-004"	"Occurrence"	"l"	"present"	"20 – 0"	"incalculable"		"Handnet"	"handnet"	"Thalassiosira gravida/antarctica"	"spp. gravida/antarctica"	"species"		
20	"AT"	20	"cells/l"	"Tintinnopsis beroidea"	2016	"MOSJ2016"	"KB3"	"HAN-004"	"Occurrence"	"l"	"present"	"20 – 0"	"incalculable"		"Handnet"	"handnet"					
20	"AT"	20	"cells/l"	"Dinophysis acuminata"	2016	"MOSJ2016"	"KB1"	"HAN-006"	"Occurrence"	"l"	"present"	"20 – 0"	"incalculable"		"Handnet"	"handnet"					
20	"AT"	20	"cells/l"	"Tintinnopsis"	2016	"MOSJ2016"	"KB1"	"HAN-006"	"Occurrence"	"l"	"present"	"20 – 0"	"incalculable"		"Handnet"	"handnet"		"sp."	"species"		
20	"AT"	20	"cells/l"	"Gymnodiniales"	2016	"MOSJ2016"	"KB1"	"HAN-006"	"Occurrence"	"l"	"present"	"20 – 0"	"incalculable"		"Handnet"	"handnet"	"Gymnodiniales indet. 30-40um"	"indet."			
20	"AT"	20	"cells/l"	"Protoperidinium pellucidum"	2016	"MOSJ2016"	"KB1"	"HAN-006"	"Occurrence"	"l"	"present"	"20 – 0"	"incalculable"		"Handnet"	"handnet"					
20	"AT"	20	"cells/l"	"Acanthostomella norvegica"	2016	"MOSJ2016"	"KB1"	"HAN-006"	"Occurrence"	"l"	"present"	"20 – 0"	"incalculable"		"Handnet"	"handnet"					
20	"AT"	20	"cells/l"	"Rhizosolenia hebetata"	2016	"MOSJ2016"	"KB1"	"HAN-006"	"Occurrence"	"l"	"present"	"20 – 0"	"incalculable"		"Handnet"	"handnet"					
20	"AT"	20	"cells/l"	"Rhizosolenia hebetata"	2016	"MOSJ2016"	"KH"	"HAN-011"	"Occurrence"	"l"	"present"	"20 – 0"	"incalculable"		"Handnet"	"handnet"					
20	"AT"	20	"cells/l"	"Gyrodinium fusiforme"	2016	"MOSJ2016"	"KH"	"HAN-011"	"Occurrence"	"l"	"present"	"20 – 0"	"incalculable"		"Handnet"	"handnet"					
20	"AT"	20	"cells/l"	"Protoperidinium pallidum"	2016	"MOSJ2016"	"KH"	"HAN-011"	"Occurrence"	"l"	"present"	"20 – 0"	"incalculable"		"Handnet"	"handnet"					
20	"AT"	20	"cells/l"	"Protoperidinium pellucidum"	2016	"MOSJ2016"	"KH"	"HAN-011"	"Occurrence"	"l"	"present"	"20 – 0"	"incalculable"		"Handnet"	"handnet"					
20	"AT"	20	"cells/l"	"Gymnodiniales"	2016	"MOSJ2016"	"KH"	"HAN-011"	"Occurrence"	"l"	"present"	"20 – 0"	"incalculable"		"Handnet"	"handnet"	"Gymnodiniales indet. 40-50um"	"indet."			
20	"AT"	20	"cells/l"	"Didinium"	2016	"MOSJ2016"	"KH"	"HAN-011"	"Occurrence"	"l"	"present"	"20 – 0"	"incalculable"		"Handnet"	"handnet"		"sp."	"species"		
20	"AT"	20	"cells/l"	"Phalacroma rotundatum"	2016	"MOSJ2016"	"KH"	"HAN-011"	"Occurrence"	"l"	"present"	"20 – 0"	"incalculable"		"Handnet"	"handnet"	"Dinophysis rotundata"				
20	"AT"	20	"cells/l"	"Tripos arcticus"	2016	"MOSJ2016"	"KH"	"HAN-011"	"Occurrence"	"l"	"present"	"20 – 0"	"incalculable"		"Handnet"	"handnet"	"Ceratium arcticum"				
20	"AT"	20	"cells/l"	"Chaetoceros brevis"	2016	"MOSJ2016"	"KH"	"HAN-011"	"Occurrence"	"l"	"present"	"20 – 0"	"incalculable"		"Handnet"	"handnet"	"Chaetoceros brevipes"				
20	"AT"	20	"cells/l"	"Strombidium"	2016	"MOSJ2016"	"KH"	"HAN-011"	"Occurrence"	"l"	"present"	"20 – 0"	"incalculable"		"Handnet"	"handnet"		"sp."	"species"		
20	"AT"	20	"cells/l"	"Parafavella obtusangula"	2016	"MOSJ2016"	"KH"	"HAN-011"	"Occurrence"	"l"	"present"	"20 – 0"	"incalculable"		"Handnet"	"handnet"					
20	"AT"	20	"cells/l"	"Acanthostomella norvegica"	2016	"MOSJ2016"	"KH"	"HAN-011"	"Occurrence"	"l"	"present"	"20 – 0"	"incalculable"		"Handnet"	"handnet"					
20	"AT"	20	"cells/l"	"Gymnodiniales"	2016	"MOSJ2016"	"KH"	"HAN-011"	"Occurrence"	"l"	"present"	"20 – 0"	"incalculable"		"Handnet"	"handnet"	"Gymnodiniales indet. 20-30um"	"indet."			
20	"AT"	20	"cells/l"	"Tintinnopsis"	2016	"MOSJ2016"	"KH"	"HAN-011"	"Occurrence"	"l"	"present"	"20 – 0"	"incalculable"		"Handnet"	"handnet"		"sp."	"species"		
20	"AT"	20	"cells/l"	"Pterosperma"	2016	"MOSJ2016"	"KH"	"HAN-011"	"Occurrence"	"l"	"present"	"20 – 0"	"incalculable"		"Handnet"	"handnet"		"sp."	"species"		
20	"AT"	20	"cells/l"	"Tintinnopsis"	2016	"MOSJ2016"	"KB6"	"HAN-002"	"Occurrence"	"l"	"present"	"20 – 0"	"incalculable"		"Handnet"	"handnet"		"sp."	"species"		
20	"AT"	20	"cells/l"	"Pseudo-nitzschia"	2016	"MOSJ2016"	"KB6"	"HAN-002"	"Occurrence"	"l"	"present"	"20 – 0"	"incalculable"		"Handnet"	"handnet"	"Pseudo-nitzschia delicatissima/pseudodelicatissima"	"spp. delicatissima/pseudodelicatissima"	"species"		
20	"AT"	20	"cells/l"	"Gymnodiniales"	2016	"MOSJ2016"	"KB6"	"HAN-002"	"Occurrence"	"l"	"present"	"20 – 0"	"incalculable"		"Handnet"	"handnet"	"Gymnodiniales indet. 20-30um"	"indet."			
20	"AT"	20	"cells/l"	"Ciliophora"	2016	"MOSJ2016"	"KB6"	"HAN-002"	"Occurrence"	"l"	"present"	"20 – 0"	"incalculable"		"Handnet"	"handnet"	"Ciliophora indet. 40-50um"	"indet."			
20	"AT"	20	"cells/l"	"Rhizosolenia hebetata"	2016	"MOSJ2016"	"KB6"	"HAN-002"	"Occurrence"	"l"	"present"	"20 – 0"	"incalculable"		"Handnet"	"handnet"					
20	"AT"	20	"cells/l"	"Protoperidinium pellucidum"	2016	"MOSJ2016"	"R3"	"HAN-014"	"Occurrence"	"l"	"present"	"20 – 0"	"incalculable"		"Handnet"	"handnet"					
20	"AT"	20	"cells/l"	"Rhizosolenia hebetata"	2016	"MOSJ2016"	"R3"	"HAN-014"	"Occurrence"	"l"	"present"	"20 – 0"	"incalculable"		"Handnet"	"handnet"					
20	"AT"	20	"cells/l"	"Tintinnopsis"	2016	"MOSJ2016"	"R3"	"HAN-014"	"Occurrence"	"l"	"present"	"20 – 0"	"incalculable"		"Handnet"	"handnet"		"sp."	"species"		
20	"AT"	20	"cells/l"	"Chaetoceros convolutus"	2016	"MOSJ2016"	"R3"	"HAN-014"	"Occurrence"	"l"	"present"	"20 – 0"	"incalculable"		"Handnet"	"handnet"					
20	"AT"	20	"cells/l"	"Chaetoceros concavicornis"	2016	"MOSJ2016"	"R3"	"HAN-014"	"Occurrence"	"l"	"present"	"20 – 0"	"incalculable"		"Handnet"	"handnet"					
20	"AT"	20	"cells/l"	"Protoperidinium brevipes"	2016	"MOSJ2016"	"R3"	"HAN-014"	"Occurrence"	"l"	"present"	"20 – 0"	"incalculable"		"Handnet"	"handnet"					
20	"AT"	20	"cells/l"	"Acanthostomella norvegica"	2016	"MOSJ2016"	"R3"	"HAN-014"	"Occurrence"	"l"	"present"	"20 – 0"	"incalculable"		"Handnet"	"handnet"					
20	"AT"	20	"cells/l"	"Tripos arcticus"	2016	"MOSJ2016"	"R3"	"HAN-014"	"Occurrence"	"l"	"present"	"20 – 0"	"incalculable"		"Handnet"	"handnet"	"Ceratium arcticum"				
20	"AT"	20	"cells/l"	"Ciliophora"	2016	"MOSJ2016"	"KB5"	"HAN-003"	"Occurrence"	"l"	"present"	"20 – 0"	"incalculable"		"Handnet"	"handnet"	"Ciliophora indet. 40-50um"	"indet."			
20	"AT"	20	"cells/l"	"Tintinnopsis"	2016	"MOSJ2016"	"KB5"	"HAN-003"	"Occurrence"	"l"	"present"	"20 – 0"	"incalculable"		"Handnet"	"handnet"		"sp."	"species"		
20	"AT"	20	"cells/l"	"Rhizosolenia hebetata"	2016	"MOSJ2016"	"R4"	"HAN-015"	"Occurrence"	"l"	"present"	"20 – 0"	"incalculable"		"Handnet"	"handnet"					
20	"AT"	20	"cells/l"	"Chaetoceros decipiens"	2016	"MOSJ2016"	"R4"	"HAN-015"	"Occurrence"	"l"	"present"	"20 – 0"	"incalculable"		"Handnet"	"handnet"					
20	"AT"	20	"cells/l"	"Thalassiosira"	2016	"MOSJ2016"	"R4"	"HAN-015"	"Occurrence"	"l"	"present"	"20 – 0"	"incalculable"		"Handnet"	"handnet"	"Thalassiosira gravida/antarctica"	"spp. gravida/antarctica"	"species"		
20	"AT"	20	"cells/l"	"Strombidium"	2016	"MOSJ2016"	"R4"	"HAN-015"	"Occurrence"	"l"	"present"	"20 – 0"	"incalculable"		"Handnet"	"handnet"		"sp."	"species"		
20	"AT"	20	"cells/l"	"Chaetoceros affinis"	2016	"MOSJ2016"	"R4"	"HAN-015"	"Occurrence"	"l"	"present"	"20 – 0"	"incalculable"		"Handnet"	"handnet"					
20	"AT"	20	"cells/l"	"Chaetoceros borealis"	2016	"MOSJ2016"	"R4"	"HAN-015"	"Occurrence"	"l"	"present"	"20 – 0"	"incalculable"		"Handnet"	"handnet"					
20	"AT"	20	"cells/l"	"Rhizosolenia hebetata"	2016	"MOSJ2016"	"KB7"	"HAN-001"	"Occurrence"	"l"	"present"	"20 – 0"	"incalculable"		"Handnet"	"handnet"					
20	"AT"	20	"cells/l"	"Gymnodiniales"	2016	"MOSJ2016"	"KB7"	"HAN-001"	"Occurrence"	"l"	"present"	"20 – 0"	"incalculable"		"Handnet"	"handnet"	"Gymnodiniales indet. 30-40um"	"indet."			
20	"AT"	20	"cells/l"	"Tintinnopsis beroidea"	2016	"MOSJ2016"	"KB7"	"HAN-001"	"Occurrence"	"l"	"present"	"20 – 0"	"incalculable"		"Handnet"	"handnet"					"+"
20	"AT"	20	"cells/l"	"Phalacroma rotundatum"	2016	"MOSJ2016"	"KB7"	"HAN-001"	"Occurrence"	"l"	"present"	"20 – 0"	"incalculable"		"Handnet"	"handnet"	"Dinophysis rotundata"				
20	"AT"	20	"cells/l"	"Gymnodiniales"	2016	"MOSJ2016"	"KB7"	"HAN-001"	"Occurrence"	"l"	"present"	"20 – 0"	"incalculable"		"Handnet"	"handnet"	"Gymnodiniales indet. 40-50um"	"indet."			"+"
20	"AT"	20	"cells/l"	"Protoperidinium pellucidum"	2016	"MOSJ2016"	"KB7"	"HAN-001"	"Occurrence"	"l"	"present"	"20 – 0"	"incalculable"		"Handnet"	"handnet"					
20	"AT"	20	"cells/l"	"Didinium"	2016	"MOSJ2016"	"KB7"	"HAN-001"	"Occurrence"	"l"	"present"	"20 – 0"	"incalculable"		"Handnet"	"handnet"		"sp."	"species"		
20	"AT"	20	"cells/l"	"Protoperidinium cerasus"	2016	"MOSJ2016"	"KB7"	"HAN-001"	"Occurrence"	"l"	"present"	"20 – 0"	"incalculable"		"Handnet"	"handnet"					
20	"AT"	20	"cells/l"	"Leegaardiella sol"	2016	"MOSJ2016"	"KB7"	"HAN-001"	"Occurrence"	"l"	"present"	"20 – 0"	"incalculable"		"Handnet"	"handnet"					
20	"AT"	20	"cells/l"	"Alexandrium"	2016	"MOSJ2016"	"KB7"	"HAN-001"	"Occurrence"	"l"	"present"	"20 – 0"	"incalculable"		"Handnet"	"handnet"		"sp."	"species"		
20	"AT"	20	"cells/l"	"Ptychocylis obtusa"	2016	"MOSJ2016"	"KB7"	"HAN-001"	"Occurrence"	"l"	"present"	"20 – 0"	"incalculable"		"Handnet"	"handnet"					
20	"AT"	20	"cells/l"	"Strombidium"	2016	"MOSJ2016"	"KB7"	"HAN-001"	"Occurrence"	"l"	"present"	"20 – 0"	"incalculable"		"Handnet"	"handnet"		"sp."	"species"		
20	"AT"	20	"cells/l"	"Protoperidinium pallidum"	2016	"MOSJ2016"	"V6"	"HAN-010"	"Occurrence"	"l"	"present"	"20 – 0"	"incalculable"		"Handnet"	"handnet"					
20	"AT"	20	"cells/l"	"Rhizosolenia hebetata"	2016	"MOSJ2016"	"V6"	"HAN-010"	"Occurrence"	"l"	"present"	"20 – 0"	"incalculable"		"Handnet"	"handnet"					
20	"AT"	20	"cells/l"	"Protoperidinium pellucidum"	2016	"MOSJ2016"	"V6"	"HAN-010"	"Occurrence"	"l"	"present"	"20 – 0"	"incalculable"		"Handnet"	"handnet"					
20	"AT"	20	"cells/l"	"Gymnodiniales"	2016	"MOSJ2016"	"V6"	"HAN-010"	"Occurrence"	"l"	"present"	"20 – 0"	"incalculable"		"Handnet"	"handnet"	"Gymnodiniales indet. 40-50um"	"indet."			
20	"AT"	20	"cells/l"	"Chaetoceros borealis"	2016	"MOSJ2016"	"V6"	"HAN-010"	"Occurrence"	"l"	"present"	"20 – 0"	"incalculable"		"Handnet"	"handnet"					
20	"AT"	20	"cells/l"	"Acanthostomella norvegica"	2016	"MOSJ2016"	"V6"	"HAN-010"	"Occurrence"	"l"	"present"	"20 – 0"	"incalculable"		"Handnet"	"handnet"					
20	"AT"	20	"cells/l"	"Dinophyceae"	2016	"MOSJ2016"	"V6"	"HAN-010"	"Occurrence"	"l"	"present"	"20 – 0"	"incalculable"		"Handnet"	"handnet"	"Dinophyceae indet. cyst"	"indet."		"cyst"	
20	"AT"	20	"cells/l"	"Gymnodiniales"	2016	"MOSJ2016"	"V6"	"HAN-010"	"Occurrence"	"l"	"present"	"20 – 0"	"incalculable"		"Handnet"	"handnet"	"Gymnodiniales indet. 50-60um"	"indet."			"+"
20	"AT"	20	"cells/l"	"Strombidium"	2016	"MOSJ2016"	"V6"	"HAN-010"	"Occurrence"	"l"	"present"	"20 – 0"	"incalculable"		"Handnet"	"handnet"		"sp."	"species"		
20	"AT"	20	"cells/l"	"Protoperidinium brevipes"	2016	"MOSJ2016"	"V6"	"HAN-010"	"Occurrence"	"l"	"present"	"20 – 0"	"incalculable"		"Handnet"	"handnet"					
20	"AT"	20	"cells/l"	"Ptychocylis obtusa"	2016	"MOSJ2016"	"V6"	"HAN-010"	"Occurrence"	"l"	"present"	"20 – 0"	"incalculable"		"Handnet"	"handnet"					
20	"AT"	20	"cells/l"	"Parafavella obtusangula"	2016	"MOSJ2016"	"V6"	"HAN-010"	"Occurrence"	"l"	"present"	"20 – 0"	"incalculable"		"Handnet"	"handnet"					
20	"AT"	20	"cells/l"	"Tintinnopsis"	2016	"MOSJ2016"	"V6"	"HAN-010"	"Occurrence"	"l"	"present"	"20 – 0"	"incalculable"		"Handnet"	"handnet"		"sp."	"species"		
20	"AT"	20	"cells/l"	"Chaetoceros concavicornis"	2016	"MOSJ2016"	"V6"	"HAN-010"	"Occurrence"	"l"	"present"	"20 – 0"	"incalculable"		"Handnet"	"handnet"					
20	"AT"	20	"cells/l"	"Gymnodiniales"	2016	"MOSJ2016"	"V6"	"HAN-010"	"Occurrence"	"l"	"present"	"20 – 0"	"incalculable"		"Handnet"	"handnet"	"Gymnodiniales indet. 30-40um"	"indet."			
20	"AT"	20	"cells/l"	"Tripos arcticus"	2016	"MOSJ2016"	"V6"	"HAN-010"	"Occurrence"	"l"	"present"	"20 – 0"	"incalculable"		"Handnet"	"handnet"	"Ceratium arcticum"				
20	"AT"	20	"cells/l"	"Phalacroma rotundatum"	2016	"MOSJ2016"	"V6"	"HAN-010"	"Occurrence"	"l"	"present"	"20 – 0"	"incalculable"		"Handnet"	"handnet"	"Dinophysis rotundata"				
20	"AT"	20	"cells/l"	"Heterocapsa triquetra"	2016	"MOSJ2016"	"V6"	"HAN-010"	"Occurrence"	"l"	"present"	"20 – 0"	"incalculable"		"Handnet"	"handnet"					
20	"AT"	20	"cells/l"	"Scrippsiella"	2016	"MOSJ2016"	"V6"	"HAN-010"	"Occurrence"	"l"	"present"	"20 – 0"	"incalculable"		"Handnet"	"handnet"		"sp."	"species"		
20	"AT"	20	"cells/l"	"Corethron hystrix"	2016	"MOSJ2016"	"V6"	"HAN-010"	"Occurrence"	"l"	"present"	"20 – 0"	"incalculable"		"Handnet"	"handnet"					
20	"AT"	20	"cells/l"	"Rhizosolenia hebetata"	2016	"MOSJ2016"	"R5"	"HAN-016"	"Occurrence"	"l"	"present"	"20 – 0"	"incalculable"		"Handnet"	"handnet"					
20	"AT"	20	"cells/l"	"Chaetoceros decipiens"	2016	"MOSJ2016"	"R5"	"HAN-016"	"Occurrence"	"l"	"present"	"20 – 0"	"incalculable"		"Handnet"	"handnet"					
20	"AT"	20	"cells/l"	"Acanthostomella norvegica"	2016	"MOSJ2016"	"R5"	"HAN-016"	"Occurrence"	"l"	"present"	"20 – 0"	"incalculable"		"Handnet"	"handnet"					
20	"AT"	20	"cells/l"	"Rhizosolenia hebetata"	2016	"MOSJ2016"	"R2"	"HAN-013"	"Occurrence"	"l"	"present"	"20 – 0"	"incalculable"		"Handnet"	"handnet"					
20	"AT"	20	"cells/l"	"Dinophyceae"	2016	"MOSJ2016"	"R2"	"HAN-013"	"Occurrence"	"l"	"present"	"20 – 0"	"incalculable"		"Handnet"	"handnet"	"Dinophyceae indet. cyst"	"indet."		"cyst"	
20	"AT"	20	"cells/l"	"Acanthostomella norvegica"	2016	"MOSJ2016"	"R2"	"HAN-013"	"Occurrence"	"l"	"present"	"20 – 0"	"incalculable"		"Handnet"	"handnet"					
20	"AT"	20	"cells/l"	"Lohmanniella oviformis"	2016	"MOSJ2016"	"R2"	"HAN-013"	"Occurrence"	"l"	"present"	"20 – 0"	"incalculable"		"Handnet"	"handnet"					
20	"AT"	20	"cells/l"	"Parafavella obtusangula"	2016	"MOSJ2016"	"R2"	"HAN-013"	"Occurrence"	"l"	"present"	"20 – 0"	"incalculable"		"Handnet"	"handnet"					
20	"AT"	20	"cells/l"	"Protoperidinium brevipes"	2016	"MOSJ2016"	"R2"	"HAN-013"	"Occurrence"	"l"	"present"	"20 – 0"	"incalculable"		"Handnet"	"handnet"					
20	"AT"	20	"cells/l"	"Dinophysis acuminata"	2016	"MOSJ2016"	"R2"	"HAN-013"	"Occurrence"	"l"	"present"	"20 – 0"	"incalculable"		"Handnet"	"handnet"					
20	"AT"	20	"cells/l"	"Tintinnopsis"	2016	"MOSJ2016"	"R2"	"HAN-013"	"Occurrence"	"l"	"present"	"20 – 0"	"incalculable"		"Handnet"	"handnet"		"sp."	"species"		
20	"AT"	20	"cells/l"	"Tintinnopsis"	2016	"MOSJ2016"	"R6"	"HAN-018"	"Occurrence"	"l"	"present"	"20 – 0"	"incalculable"		"Handnet"	"handnet"	"Tintinnpsis"	"sp."	"species"		
20	"AT"	20	"cells/l"	"Chaetoceros decipiens"	2016	"MOSJ2016"	"R6"	"HAN-018"	"Occurrence"	"l"	"present"	"20 – 0"	"incalculable"		"Handnet"	"handnet"					
20	"AT"	20	"cells/l"	"Protoperidinium pallidum"	2016	"MOSJ2016"	"R6"	"HAN-018"	"Occurrence"	"l"	"present"	"20 – 0"	"incalculable"		"Handnet"	"handnet"					
20	"AT"	20	"cells/l"	"Gymnodiniales"	2016	"MOSJ2016"	"R6"	"HAN-018"	"Occurrence"	"l"	"present"	"20 – 0"	"incalculable"		"Handnet"	"handnet"	"Gymnodiniales indet. 40-50um"	"indet."			"+"
20	"AT"	20	"cells/l"	"Protoperidinium pellucidum"	2016	"MOSJ2016"	"R6"	"HAN-018"	"Occurrence"	"l"	"present"	"20 – 0"	"incalculable"		"Handnet"	"handnet"					
20	"AT"	20	"cells/l"	"Rhizosolenia hebetata"	2016	"MOSJ2016"	"R6"	"HAN-018"	"Occurrence"	"l"	"present"	"20 – 0"	"incalculable"		"Handnet"	"handnet"					
20	"AT"	20	"cells/l"	"Ptychocylis obtusa"	2016	"MOSJ2016"	"R6"	"HAN-018"	"Occurrence"	"l"	"present"	"20 – 0"	"incalculable"		"Handnet"	"handnet"					
20	"AT"	20	"cells/l"	"Leprotintinnus"	2016	"MOSJ2016"	"R6"	"HAN-018"	"Occurrence"	"l"	"present"	"20 – 0"	"incalculable"		"Handnet"	"handnet"	"Leprotintinnopsis"	"sp."	"species"		
20	"AT"	20	"cells/l"	"Dinophysis acuminata"	2016	"MOSJ2016"	"R6"	"HAN-018"	"Occurrence"	"l"	"present"	"20 – 0"	"incalculable"		"Handnet"	"handnet"					
20	"AT"	20	"cells/l"	"Ciliophora"	2016	"MOSJ2016"	"R6"	"HAN-018"	"Occurrence"	"l"	"present"	"20 – 0"	"incalculable"		"Handnet"	"handnet"	"Ciliophora indet. 40-50um"	"indet."			
20	"AT"	20	"cells/l"	"Phalacroma rotundatum"	2016	"MOSJ2016"	"R6"	"HAN-018"	"Occurrence"	"l"	"present"	"20 – 0"	"incalculable"		"Handnet"	"handnet"	"Dinophysis rotundata"				
20	"AT"	20	"cells/l"	"Strombidium"	2016	"MOSJ2016"	"R6"	"HAN-018"	"Occurrence"	"l"	"present"	"20 – 0"	"incalculable"		"Handnet"	"handnet"		"sp."	"species"		
20	"AT"	20	"cells/l"	"Chaetoceros concavicornis"	2016	"MOSJ2016"	"R6"	"HAN-018"	"Occurrence"	"l"	"present"	"20 – 0"	"incalculable"		"Handnet"	"handnet"					
20	"AT"	20	"cells/l"	"Protoperidinium brevipes"	2016	"MOSJ2016"	"R6"	"HAN-018"	"Occurrence"	"l"	"present"	"20 – 0"	"incalculable"		"Handnet"	"handnet"					
20	"AT"	20	"cells/l"	"Gyrodinium fusiforme"	2016	"MOSJ2016"	"R6"	"HAN-018"	"Occurrence"	"l"	"present"	"20 – 0"	"incalculable"		"Handnet"	"handnet"					
20	"AT"	20	"cells/l"	"Parafavella obtusangula"	2016	"MOSJ2016"	"R6"	"HAN-018"	"Occurrence"	"l"	"present"	"20 – 0"	"incalculable"		"Handnet"	"handnet"					
20	"AT"	20	"cells/l"	"Dinophyceae"	2016	"MOSJ2016"	"R6"	"HAN-018"	"Occurrence"	"l"	"present"	"20 – 0"	"incalculable"		"Handnet"	"handnet"	"Dinophyceae indet. cyst"	"indet."		"cyst"	
20	"AT"	20	"cells/l"	"Polarella glacialis"	2016	"MOSJ2016"	"R6"	"HAN-018"	"Occurrence"	"l"	"present"	"20 – 0"	"incalculable"		"Handnet"	"handnet"	"Polarella glacialis cyst"			"cyst"	
20	"AT"	20	"cells/l"	"Chaetoceros borealis"	2016	"MOSJ2016"	"R6"	"HAN-018"	"Occurrence"	"l"	"present"	"20 – 0"	"incalculable"		"Handnet"	"handnet"					
20	"AT"	20	"cells/l"	"Gonyaulax"	2016	"MOSJ2016"	"R6"	"HAN-018"	"Occurrence"	"l"	"present"	"20 – 0"	"incalculable"		"Handnet"	"handnet"		"sp."	"species"		
20	"AT"	20	"cells/l"	"Chaetoceros socialis"	2016	"MOSJ2016"	"R6"	"HAN-018"	"Occurrence"	"l"	"present"	"20 – 0"	"incalculable"		"Handnet"	"handnet"					
20	"AT"	20	"cells/l"	"Lessardia elongata"	2016	"MOSJ2016"	"R6"	"HAN-018"	"Occurrence"	"l"	"present"	"20 – 0"	"incalculable"		"Handnet"	"handnet"					
20	"AT"	20	"cells/l"	"Protoperidinium bipes"	2016	"MOSJ2016"	"R6"	"HAN-018"	"Occurrence"	"l"	"present"	"20 – 0"	"incalculable"		"Handnet"	"handnet"					
20	"AT"	20	"cells/l"	"Tripos arcticus"	2016	"MOSJ2016"	"R6"	"HAN-018"	"Occurrence"	"l"	"present"	"20 – 0"	"incalculable"		"Handnet"	"handnet"	"Ceratium arcticum"				"+"
20	"AT"	20	"cells/l"	"Corethron hystrix"	2016	"MOSJ2016"	"R6"	"HAN-018"	"Occurrence"	"l"	"present"	"20 – 0"	"incalculable"		"Handnet"	"handnet"					
20	"AT"	20	"cells/l"	"Nitzschia frigida"	2016	"MOSJ2016"	"R8"	"HAN-019"	"Occurrence"	"l"	"present"	"20 – 0"	"incalculable"		"Handnet"	"handnet"					
20	"AT"	20	"cells/l"	"Chaetoceros decipiens"	2016	"MOSJ2016"	"R8"	"HAN-019"	"Occurrence"	"l"	"present"	"20 – 0"	"incalculable"		"Handnet"	"handnet"					
20	"AT"	20	"cells/l"	"Protoperidinium pellucidum"	2016	"MOSJ2016"	"R8"	"HAN-019"	"Occurrence"	"l"	"present"	"20 – 0"	"incalculable"		"Handnet"	"handnet"					
20	"AT"	20	"cells/l"	"Protoperidinium brevipes"	2016	"MOSJ2016"	"R8"	"HAN-019"	"Occurrence"	"l"	"present"	"20 – 0"	"incalculable"		"Handnet"	"handnet"					
20	"AT"	20	"cells/l"	"Rhizosolenia hebetata"	2016	"MOSJ2016"	"R8"	"HAN-019"	"Occurrence"	"l"	"present"	"20 – 0"	"incalculable"		"Handnet"	"handnet"					
20	"AT"	20	"cells/l"	"Protoperidinium pallidum"	2016	"MOSJ2016"	"R8"	"HAN-019"	"Occurrence"	"l"	"present"	"20 – 0"	"incalculable"		"Handnet"	"handnet"					
20	"AT"	20	"cells/l"	"Gymnodiniales"	2016	"MOSJ2016"	"R8"	"HAN-019"	"Occurrence"	"l"	"present"	"20 – 0"	"incalculable"		"Handnet"	"handnet"	"Gymnodiniales indet. 40-50um"	"indet."			
20	"AT"	20	"cells/l"	"Gyrodinium fusiforme"	2016	"MOSJ2016"	"R8"	"HAN-019"	"Occurrence"	"l"	"present"	"20 – 0"	"incalculable"		"Handnet"	"handnet"					
20	"AT"	20	"cells/l"	"Polarella glacialis"	2016	"MOSJ2016"	"R8"	"HAN-019"	"Occurrence"	"l"	"present"	"20 – 0"	"incalculable"		"Handnet"	"handnet"	"Polarella glacialis cyst"			"cyst"	
20	"AT"	20	"cells/l"	"Ciliophora"	2016	"MOSJ2016"	"R8"	"HAN-019"	"Occurrence"	"l"	"present"	"20 – 0"	"incalculable"		"Handnet"	"handnet"	"Ciliophora indet. 50-60um"	"indet."			
20	"AT"	20	"cells/l"	"Protoperidinium brevipes"	2016	"MOSJ2016"	"R8"	"HAN-019"	"Occurrence"	"l"	"present"	"20 – 0"	"incalculable"		"Handnet"	"handnet"					
20	"AT"	20	"cells/l"	"Leprotintinnus"	2016	"MOSJ2016"	"R8"	"HAN-019"	"Occurrence"	"l"	"present"	"20 – 0"	"incalculable"		"Handnet"	"handnet"	"Leprotintinnopsis"	"sp."	"species"		
20	"AT"	20	"cells/l"	"Strombidium"	2016	"MOSJ2016"	"R8"	"HAN-019"	"Occurrence"	"l"	"present"	"20 – 0"	"incalculable"		"Handnet"	"handnet"		"sp."	"species"		
20	"AT"	20	"cells/l"	"Ptychocylis obtusa"	2016	"MOSJ2016"	"R8"	"HAN-019"	"Occurrence"	"l"	"present"	"20 – 0"	"incalculable"		"Handnet"	"handnet"					
20	"AT"	20	"cells/l"	"Uronema marinum"	2016	"MOSJ2016"	"R8"	"HAN-019"	"Occurrence"	"l"	"present"	"20 – 0"	"incalculable"		"Handnet"	"handnet"					
20	"AT"	20	"cells/l"	"Navicula pelagica"	2016	"MOSJ2016"	"R8"	"HAN-019"	"Occurrence"	"l"	"present"	"20 – 0"	"incalculable"		"Handnet"	"handnet"					
20	"AT"	20	"cells/l"	"Chaetoceros furcellatus"	2016	"MOSJ2016"	"R8"	"HAN-019"	"Occurrence"	"l"	"present"	"20 – 0"	"incalculable"		"Handnet"	"handnet"					
20	"AT"	20	"cells/l"	"Gymnodiniales"	2016	"MOSJ2016"	"R8"	"HAN-019"	"Occurrence"	"l"	"present"	"20 – 0"	"incalculable"		"Handnet"	"handnet"	"Gymnodiniales indet. 50-60um"	"indet."			
20	"AT"	20	"cells/l"	"Didinium"	2016	"MOSJ2016"	"R8"	"HAN-019"	"Occurrence"	"l"	"present"	"20 – 0"	"incalculable"		"Handnet"	"handnet"		"sp."	"species"		
20	"AT"	20	"cells/l"	"Dinophysis acuminata"	2016	"MOSJ2016"	"R8"	"HAN-019"	"Occurrence"	"l"	"present"	"20 – 0"	"incalculable"		"Handnet"	"handnet"					
20	"AT"	20	"cells/l"	"Scrippsiella"	2016	"MOSJ2016"	"R8"	"HAN-019"	"Occurrence"	"l"	"present"	"20 – 0"	"incalculable"		"Handnet"	"handnet"		"sp."	"species"		
20	"AT"	20	"cells/l"	"Leegaardiella sol"	2016	"MOSJ2016"	"R8"	"HAN-019"	"Occurrence"	"l"	"present"	"20 – 0"	"incalculable"		"Handnet"	"handnet"					
20	"AT"	20	"cells/l"	"Phalacroma rotundatum"	2016	"MOSJ2016"	"R8"	"HAN-019"	"Occurrence"	"l"	"present"	"20 – 0"	"incalculable"		"Handnet"	"handnet"	"Dinophysis rotundata"				
20	"AT"	20	"cells/l"	"Ciliophora"	2016	"MOSJ2016"	"R9"	"HAN-020"	"Occurrence"	"l"	"present"	"20 – 0"	"incalculable"		"Handnet"	"handnet"	"Ciliophora indet. 30-40um"	"indet."			
20	"AT"	20	"cells/l"	"Leegaardiella sol"	2016	"MOSJ2016"	"R9"	"HAN-020"	"Occurrence"	"l"	"present"	"20 – 0"	"incalculable"		"Handnet"	"handnet"					
20	"AT"	20	"cells/l"	"Protoperidinium pallidum"	2016	"MOSJ2016"	"R9"	"HAN-020"	"Occurrence"	"l"	"present"	"20 – 0"	"incalculable"		"Handnet"	"handnet"					
20	"AT"	20	"cells/l"	"Thalassiosira bioculata"	2016	"MOSJ2016"	"R9"	"HAN-020"	"Occurrence"	"l"	"present"	"20 – 0"	"incalculable"		"Handnet"	"handnet"					
20	"AT"	20	"cells/l"	"Ptychocylis obtusa"	2016	"MOSJ2016"	"R9"	"HAN-020"	"Occurrence"	"l"	"present"	"20 – 0"	"incalculable"		"Handnet"	"handnet"					
20	"AT"	20	"cells/l"	"Protoperidinium pellucidum"	2016	"MOSJ2016"	"R9"	"HAN-020"	"Occurrence"	"l"	"present"	"20 – 0"	"incalculable"		"Handnet"	"handnet"					
20	"AT"	20	"cells/l"	"Phalacroma rotundatum"	2016	"MOSJ2016"	"R9"	"HAN-020"	"Occurrence"	"l"	"present"	"20 – 0"	"incalculable"		"Handnet"	"handnet"	"Dinophysis rotundata"				
20	"AT"	20	"cells/l"	"Cochlodinium"	2016	"MOSJ2016"	"R9"	"HAN-020"	"Occurrence"	"l"	"present"	"20 – 0"	"incalculable"		"Handnet"	"handnet"		"sp."	"species"		
20	"AT"	20	"cells/l"	"Rhizosolenia hebetata"	2016	"MOSJ2016"	"R9"	"HAN-020"	"Occurrence"	"l"	"present"	"20 – 0"	"incalculable"		"Handnet"	"handnet"					
20	"AT"	20	"cells/l"	"Protoperidinium brevipes"	2016	"MOSJ2016"	"R9"	"HAN-020"	"Occurrence"	"l"	"present"	"20 – 0"	"incalculable"		"Handnet"	"handnet"					
20	"AT"	20	"cells/l"	"Eucampia groenlandica"	2016	"MOSJ2016"	"R9"	"HAN-020"	"Occurrence"	"l"	"present"	"20 – 0"	"incalculable"		"Handnet"	"handnet"					
20	"AT"	20	"cells/l"	"Gymnodiniales"	2016	"MOSJ2016"	"R9"	"HAN-020"	"Occurrence"	"l"	"present"	"20 – 0"	"incalculable"		"Handnet"	"handnet"	"Gymnodiniales indet. 40-50um"	"indet."			
20	"AT"	20	"cells/l"	"Chaetoceros concavicornis"	2016	"MOSJ2016"	"R9"	"HAN-020"	"Occurrence"	"l"	"present"	"20 – 0"	"incalculable"		"Handnet"	"handnet"					
20	"AT"	20	"cells/l"	"Strombidium"	2016	"MOSJ2016"	"R9"	"HAN-020"	"Occurrence"	"l"	"present"	"20 – 0"	"incalculable"		"Handnet"	"handnet"		"sp."	"species"		
20	"AT"	20	"cells/l"	"Leprotintinnus"	2016	"MOSJ2016"	"R9"	"HAN-020"	"Occurrence"	"l"	"present"	"20 – 0"	"incalculable"		"Handnet"	"handnet"	"Leprotintinnopsis"	"sp."	"species"		
20	"AT"	20	"cells/l"	"Chaetoceros decipiens"	2016	"MOSJ2016"	"R9"	"HAN-020"	"Occurrence"	"l"	"present"	"20 – 0"	"incalculable"		"Handnet"	"handnet"					
20	"AT"	20	"cells/l"	"Mesodinium rubrum"	2016	"MOSJ2016"	"R9"	"HAN-020"	"Occurrence"	"l"	"present"	"20 – 0"	"incalculable"		"Handnet"	"handnet"					
20	"AT"	20	"cells/l"	"Gyrodinium fusiforme"	2016	"MOSJ2016"	"R9"	"HAN-020"	"Occurrence"	"l"	"present"	"20 – 0"	"incalculable"		"Handnet"	"handnet"					
20	"AT"	20	"cells/l"	"Gymnodiniales"	2016	"MOSJ2016"	"R9"	"HAN-020"	"Occurrence"	"l"	"present"	"20 – 0"	"incalculable"		"Handnet"	"handnet"	"Gymnodiniales indet. 50-60um"	"indet."			
20	"AT"	20	"cells/l"	"Acanthostomella norvegica"	2016	"MOSJ2016"	"R9"	"HAN-020"	"Occurrence"	"l"	"present"	"20 – 0"	"incalculable"		"Handnet"	"handnet"					
20	"AT"	20	"cells/l"	"Tripos arcticus"	2016	"MOSJ2016"	"R9"	"HAN-020"	"Occurrence"	"l"	"present"	"20 – 0"	"incalculable"		"Handnet"	"handnet"	"Ceratium arcticum"				
20	"AT"	20	"cells/l"	"Gymnodiniales"	2016	"MOSJ2016"	"R9"	"HAN-020"	"Occurrence"	"l"	"present"	"20 – 0"	"incalculable"		"Handnet"	"handnet"	"Gymnodiniales indet. 30-40um"	"indet."			
20	"AT"	20	"cells/l"	"Dinophysis acuminata"	2016	"MOSJ2016"	"R9"	"HAN-020"	"Occurrence"	"l"	"present"	"20 – 0"	"incalculable"		"Handnet"	"handnet"					
20	"AT"	20	"cells/l"	"Polarella glacialis"	2016	"MOSJ2016"	"R9"	"HAN-020"	"Occurrence"	"l"	"present"	"20 – 0"	"incalculable"		"Handnet"	"handnet"	"Polarella glacialis cyst"			"cyst"	
20	"AT"	20	"cells/l"	"Leegaardiella sol"	2016	"MOSJ2016"	"R9"	"HAN-020"	"Occurrence"	"l"	"present"	"20 – 0"	"incalculable"		"Handnet"	"handnet"					
20	"AT"	20	"cells/l"	"Pterosperma"	2016	"MOSJ2016"	"R9"	"HAN-020"	"Occurrence"	"l"	"present"	"20 – 0"	"incalculable"		"Handnet"	"handnet"		"sp."	"species"		
20	"AT"	20	"cells/l"	"Parafavella obtusangula"	2016	"MOSJ2016"	"R9"	"HAN-020"	"Occurrence"	"l"	"present"	"20 – 0"	"incalculable"		"Handnet"	"handnet"					
20	"AT"	20	"cells/l"	"Corethron hystrix"	2016	"MOSJ2016"	"HG-IV"	"HAN-021"	"Occurrence"	"l"	"present"	"20 – 0"	"incalculable"		"Handnet"	"handnet"					
20	"AT"	20	"cells/l"	"Protoperidinium pallidum"	2016	"MOSJ2016"	"HG-IV"	"HAN-021"	"Occurrence"	"l"	"present"	"20 – 0"	"incalculable"		"Handnet"	"handnet"					
20	"AT"	20	"cells/l"	"Acanthostomella norvegica"	2016	"MOSJ2016"	"HG-IV"	"HAN-021"	"Occurrence"	"l"	"present"	"20 – 0"	"incalculable"		"Handnet"	"handnet"					
20	"AT"	20	"cells/l"	"Dinophysis acuminata"	2016	"MOSJ2016"	"HG-IV"	"HAN-021"	"Occurrence"	"l"	"present"	"20 – 0"	"incalculable"		"Handnet"	"handnet"					
20	"AT"	20	"cells/l"	"Rhizosolenia hebetata"	2016	"MOSJ2016"	"HG-IV"	"HAN-021"	"Occurrence"	"l"	"present"	"20 – 0"	"incalculable"		"Handnet"	"handnet"					
20	"AT"	20	"cells/l"	"Strombidium"	2016	"MOSJ2016"	"HG-IV"	"HAN-021"	"Occurrence"	"l"	"present"	"20 – 0"	"incalculable"		"Handnet"	"handnet"		"sp."	"species"		
20	"AT"	20	"cells/l"	"Ciliophora"	2016	"MOSJ2016"	"HG-IV"	"HAN-021"	"Occurrence"	"l"	"present"	"20 – 0"	"incalculable"		"Handnet"	"handnet"	"Ciliophora indet. 40-50um"	"indet."			
20	"AT"	20	"cells/l"	"Leegaardiella sol"	2016	"MOSJ2016"	"HG-IV"	"HAN-021"	"Occurrence"	"l"	"present"	"20 – 0"	"incalculable"		"Handnet"	"handnet"					
20	"AT"	20	"cells/l"	"Phalacroma rotundatum"	2016	"MOSJ2016"	"HG-IV"	"HAN-021"	"Occurrence"	"l"	"present"	"20 – 0"	"incalculable"		"Handnet"	"handnet"	"Dinophysis rotundata"				
20	"AT"	20	"cells/l"	"Tintinnopsis"	2016	"MOSJ2016"	"HG-IV"	"HAN-021"	"Occurrence"	"l"	"present"	"20 – 0"	"incalculable"		"Handnet"	"handnet"		"sp."	"species"		
20	"AT"	20	"cells/l"	"Ptychocylis obtusa"	2016	"MOSJ2016"	"HG-IV"	"HAN-021"	"Occurrence"	"l"	"present"	"20 – 0"	"incalculable"		"Handnet"	"handnet"					
20	"AT"	20	"cells/l"	"Parafavella obtusangula"	2016	"MOSJ2016"	"HG-IV"	"HAN-021"	"Occurrence"	"l"	"present"	"20 – 0"	"incalculable"		"Handnet"	"handnet"					
20	"AT"	20	"cells/l"	"Protoperidinium pellucidum"	2016	"MOSJ2016"	"HG-IV"	"HAN-021"	"Occurrence"	"l"	"present"	"20 – 0"	"incalculable"		"Handnet"	"handnet"					
20	"AT"	20	"cells/l"	"Gymnodiniales"	2016	"MOSJ2016"	"HG-IV"	"HAN-021"	"Occurrence"	"l"	"present"	"20 – 0"	"incalculable"		"Handnet"	"handnet"	"Gymnodiniales indet. 30-40um"	"indet."			
20	"AT"	20	"cells/l"	"Protoperidinium conicum"	2016	"MOSJ2016"	"HG-IV"	"HAN-021"	"Occurrence"	"l"	"present"	"20 – 0"	"incalculable"		"Handnet"	"handnet"					"+"
20	"AT"	20	"cells/l"	"Scrippsiella"	2016	"MOSJ2016"	"HG-IV"	"HAN-021"	"Occurrence"	"l"	"present"	"20 – 0"	"incalculable"		"Handnet"	"handnet"		"sp."	"species"		
20	"AT"	20	"cells/l"	"Gyrodinium fusiforme"	2016	"MOSJ2016"	"HG-IV"	"HAN-021"	"Occurrence"	"l"	"present"	"20 – 0"	"incalculable"		"Handnet"	"handnet"					
20	"AT"	20	"cells/l"	"Cochlodinium"	2016	"MOSJ2016"	"HG-IV"	"HAN-021"	"Occurrence"	"l"	"present"	"20 – 0"	"incalculable"		"Handnet"	"handnet"		"sp."	"species"		"+"
20	"AT"	20	"cells/l"	"Chaetoceros concavicornis"	2016	"MOSJ2016"	"HG-IV"	"HAN-021"	"Occurrence"	"l"	"present"	"20 – 0"	"incalculable"		"Handnet"	"handnet"					
20	"AT"	20	"cells/l"	"Gymnodiniales"	2016	"MOSJ2016"	"HG-IV"	"HAN-021"	"Occurrence"	"l"	"present"	"20 – 0"	"incalculable"		"Handnet"	"handnet"	"Gymnodiniales indet. 40-50um"	"indet."			
20	"AT"	20	"cells/l"	"Pseudo-nitzschia"	2016	"MOSJ2016"	"HG-IV"	"HAN-021"	"Occurrence"	"l"	"present"	"20 – 0"	"incalculable"		"Handnet"	"handnet"	"Pseudo-nitzschia delicatissima/pseudodelicatissima"	"spp. delicatissima/pseudodelicatissima"	"species"		
20	"AT"	20	"cells/l"	"Polarella glacialis"	2016	"MOSJ2016"	"HG-IV"	"HAN-021"	"Occurrence"	"l"	"present"	"20 – 0"	"incalculable"		"Handnet"	"handnet"	"Polarella glacialis cyst"			"cyst"	
20	"AT"	20	"cells/l"	"Mesodinium rubrum"	2016	"MOSJ2016"	"KB2"	"HAN-005"	"Occurrence"	"l"	"present"	"20 – 0"	"incalculable"		"Handnet"	"handnet"					
20	"AT"	20	"cells/l"	"Protoperidinium pellucidum"	2016	"MOSJ2016"	"KB2"	"HAN-005"	"Occurrence"	"l"	"present"	"20 – 0"	"incalculable"		"Handnet"	"handnet"					
20	"AT"	20	"cells/l"	"Phalacroma rotundatum"	2016	"MOSJ2016"	"KB2"	"HAN-005"	"Occurrence"	"l"	"present"	"20 – 0"	"incalculable"		"Handnet"	"handnet"	"Dinophysis rotundata"				
20	"AT"	20	"cells/l"	"Tintinnopsis beroidea"	2016	"MOSJ2016"	"KB2"	"HAN-005"	"Occurrence"	"l"	"present"	"20 – 0"	"incalculable"		"Handnet"	"handnet"					
20	"AT"	20	"cells/l"	"Scrippsiella"	2016	"MOSJ2016"	"KB2"	"HAN-005"	"Occurrence"	"l"	"present"	"20 – 0"	"incalculable"		"Handnet"	"handnet"		"sp."	"species"		
20	"AT"	20	"cells/l"	"Acanthostomella norvegica"	2016	"MOSJ2016"	"KB2"	"HAN-005"	"Occurrence"	"l"	"present"	"20 – 0"	"incalculable"		"Handnet"	"handnet"					
20	"AT"	20	"cells/l"	"Tintinnopsis"	2016	"MOSJ2016"	"KB2"	"HAN-005"	"Occurrence"	"l"	"present"	"20 – 0"	"incalculable"		"Handnet"	"handnet"		"sp."	"species"		
20	"AT"	20	"cells/l"	"Rhizosolenia hebetata"	2016	"MOSJ2016"	"KB2"	"HAN-005"	"Occurrence"	"l"	"present"	"20 – 0"	"incalculable"		"Handnet"	"handnet"					
20	"AT"	20	"cells/l"	"Gymnodiniales"	2016	"MOSJ2016"	"KB2"	"HAN-005"	"Occurrence"	"l"	"present"	"20 – 0"	"incalculable"		"Handnet"	"handnet"	"Gymnodiniales indet. 40-50um"	"indet."			
20	"AT"	20	"cells/l"	"Proboscia alata"	2016	"MOSJ2016"	"KB2"	"HAN-005"	"Occurrence"	"l"	"present"	"20 – 0"	"incalculable"		"Handnet"	"handnet"					
20	"AT"	20	"cells/l"	"Dinophysis acuminata"	2016	"MOSJ2016"	"KB2"	"HAN-005"	"Occurrence"	"l"	"present"	"20 – 0"	"incalculable"		"Handnet"	"handnet"					
20	"AT"	20	"cells/l"	"Ciliophora"	2016	"MOSJ2016"	"KB2"	"HAN-005"	"Occurrence"	"l"	"present"	"20 – 0"	"incalculable"		"Handnet"	"handnet"	"Ciliophora indet. 40-50um"	"indet."			
20	"AT"	20	"cells/l"	"Ptychocylis obtusa"	2016	"MOSJ2016"	"KB2"	"HAN-005"	"Occurrence"	"l"	"present"	"20 – 0"	"incalculable"		"Handnet"	"handnet"					
20	"AT"	20	"cells/l"	"Leegaardiella sol"	2016	"MOSJ2016"	"KB2"	"HAN-005"	"Occurrence"	"l"	"present"	"20 – 0"	"incalculable"		"Handnet"	"handnet"					
20	"AT"	20	"cells/l"	"Gymnodiniales"	2016	"MOSJ2016"	"KB0"	"HAN-007"	"Occurrence"	"l"	"present"	"20 – 0"	"incalculable"		"Handnet"	"handnet"	"Gymnodiniales indet. 40-50um"	"indet."			
20	"AT"	20	"cells/l"	"Phalacroma rotundatum"	2016	"MOSJ2016"	"KB0"	"HAN-007"	"Occurrence"	"l"	"present"	"20 – 0"	"incalculable"		"Handnet"	"handnet"	"Dinophysis rotundata"				
20	"AT"	20	"cells/l"	"Scrippsiella"	2016	"MOSJ2016"	"KB0"	"HAN-007"	"Occurrence"	"l"	"present"	"20 – 0"	"incalculable"		"Handnet"	"handnet"		"sp."	"species"		
20	"AT"	20	"cells/l"	"Rhizosolenia hebetata"	2016	"MOSJ2016"	"KB0"	"HAN-007"	"Occurrence"	"l"	"present"	"20 – 0"	"incalculable"		"Handnet"	"handnet"					
20	"AT"	20	"cells/l"	"Licmophora"	2016	"MOSJ2016"	"KB0"	"HAN-007"	"Occurrence"	"l"	"present"	"20 – 0"	"incalculable"		"Handnet"	"handnet"		"sp."	"species"		
20	"AT"	20	"cells/l"	"Acanthostomella norvegica"	2016	"MOSJ2016"	"KB0"	"HAN-007"	"Occurrence"	"l"	"present"	"20 – 0"	"incalculable"		"Handnet"	"handnet"					
20	"AT"	20	"cells/l"	"Strombidium"	2016	"MOSJ2016"	"KB0"	"HAN-007"	"Occurrence"	"l"	"present"	"20 – 0"	"incalculable"		"Handnet"	"handnet"		"sp."	"species"		
20	"AT"	20	"cells/l"	"Cochlodinium"	2016	"MOSJ2016"	"KB0"	"HAN-007"	"Occurrence"	"l"	"present"	"20 – 0"	"incalculable"		"Handnet"	"handnet"		"sp."	"species"		
20	"AT"	20	"cells/l"	"Tintinnopsis beroidea"	2016	"MOSJ2016"	"KB0"	"HAN-007"	"Occurrence"	"l"	"present"	"20 – 0"	"incalculable"		"Handnet"	"handnet"					
20	"AT"	20	"cells/l"	"Protoperidinium pellucidum"	2016	"MOSJ2016"	"KB0"	"HAN-007"	"Occurrence"	"l"	"present"	"20 – 0"	"incalculable"		"Handnet"	"handnet"					
20	"AT"	20	"cells/l"	"Didinium"	2016	"MOSJ2016"	"KB0"	"HAN-007"	"Occurrence"	"l"	"present"	"20 – 0"	"incalculable"		"Handnet"	"handnet"		"sp."	"species"		
20	"AT"	20	"cells/l"	"Chaetoceros decipiens"	2016	"MOSJ2016"	"R6"	"HAN-017"	"Occurrence"	"l"	"present"	"20 – 0"	"incalculable"		"Handnet"	"handnet"					
20	"AT"	20	"cells/l"	"Protoperidinium pellucidum"	2016	"MOSJ2016"	"R6"	"HAN-017"	"Occurrence"	"l"	"present"	"20 – 0"	"incalculable"		"Handnet"	"handnet"					
20	"AT"	20	"cells/l"	"Gymnodiniales"	2016	"MOSJ2016"	"R6"	"HAN-017"	"Occurrence"	"l"	"present"	"20 – 0"	"incalculable"		"Handnet"	"handnet"	"Gymnodiniales indet. 40-50um"	"indet."			
20	"AT"	20	"cells/l"	"Navicula directa"	2016	"MOSJ2016"	"R6"	"HAN-017"	"Occurrence"	"l"	"present"	"20 – 0"	"incalculable"		"Handnet"	"handnet"					
20	"AT"	20	"cells/l"	"Protoperidinium pallidum"	2016	"MOSJ2016"	"R6"	"HAN-017"	"Occurrence"	"l"	"present"	"20 – 0"	"incalculable"		"Handnet"	"handnet"					
20	"AT"	20	"cells/l"	"Mesodinium rubrum"	2016	"MOSJ2016"	"R6"	"HAN-017"	"Occurrence"	"l"	"present"	"20 – 0"	"incalculable"		"Handnet"	"handnet"					
20	"AT"	20	"cells/l"	"Dinophysis acuminata"	2016	"MOSJ2016"	"R6"	"HAN-017"	"Occurrence"	"l"	"present"	"20 – 0"	"incalculable"		"Handnet"	"handnet"					
20	"AT"	20	"cells/l"	"Cochlodinium"	2016	"MOSJ2016"	"R6"	"HAN-017"	"Occurrence"	"l"	"present"	"20 – 0"	"incalculable"		"Handnet"	"handnet"		"sp."	"species"		
20	"AT"	20	"cells/l"	"Phalacroma rotundatum"	2016	"MOSJ2016"	"R6"	"HAN-017"	"Occurrence"	"l"	"present"	"20 – 0"	"incalculable"		"Handnet"	"handnet"	"Dinophysis rotundata"				
20	"AT"	20	"cells/l"	"Didinium"	2016	"MOSJ2016"	"R6"	"HAN-017"	"Occurrence"	"l"	"present"	"20 – 0"	"incalculable"		"Handnet"	"handnet"		"sp."	"species"		
20	"AT"	20	"cells/l"	"Strombidium"	2016	"MOSJ2016"	"R6"	"HAN-017"	"Occurrence"	"l"	"present"	"20 – 0"	"incalculable"		"Handnet"	"handnet"		"sp."	"species"		
20	"AT"	20	"cells/l"	"Polarella glacialis"	2016	"MOSJ2016"	"R6"	"HAN-017"	"Occurrence"	"l"	"present"	"20 – 0"	"incalculable"		"Handnet"	"handnet"	"Polarella glacialis cyst"			"cyst"	
20	"AT"	20	"cells/l"	"Laboea strobila"	2016	"MOSJ2016"	"R6"	"HAN-017"	"Occurrence"	"l"	"present"	"20 – 0"	"incalculable"		"Handnet"	"handnet"					
20	"AT"	20	"cells/l"	"Gyrodinium fusiforme"	2016	"MOSJ2016"	"R6"	"HAN-017"	"Occurrence"	"l"	"present"	"20 – 0"	"incalculable"		"Handnet"	"handnet"					
20	"AT"	20	"cells/l"	"Parafavella obtusangula"	2016	"MOSJ2016"	"R6"	"HAN-017"	"Occurrence"	"l"	"present"	"20 – 0"	"incalculable"		"Handnet"	"handnet"					
20	"AT"	20	"cells/l"	"Ptychocylis obtusa"	2016	"MOSJ2016"	"R6"	"HAN-017"	"Occurrence"	"l"	"present"	"20 – 0"	"incalculable"		"Handnet"	"handnet"					
20	"AT"	20	"cells/l"	"Acanthostomella norvegica"	2016	"MOSJ2016"	"R6"	"HAN-017"	"Occurrence"	"l"	"present"	"20 – 0"	"incalculable"		"Handnet"	"handnet"					
20	"AT"	20	"cells/l"	"Leprotintinnus"	2016	"MOSJ2016"	"R6"	"HAN-017"	"Occurrence"	"l"	"present"	"20 – 0"	"incalculable"		"Handnet"	"handnet"	"Leprotintinnopsis"	"sp."	"species"		
20	"AT"	20	"cells/l"	"Rhizosolenia hebetata"	2016	"MOSJ2016"	"R6"	"HAN-017"	"Occurrence"	"l"	"present"	"20 – 0"	"incalculable"		"Handnet"	"handnet"					
20	"AT"	20	"cells/l"	"Acanthostomella norvegica"	2016	"MOSJ2016"	"V12"	"HAN-008"	"Occurrence"	"l"	"present"	"20 – 0"	"incalculable"		"Handnet"	"handnet"					
20	"AT"	20	"cells/l"	"Alexandrium"	2016	"MOSJ2016"	"V12"	"HAN-008"	"Occurrence"	"l"	"present"	"20 – 0"	"incalculable"		"Handnet"	"handnet"		"sp."	"species"		
20	"AT"	20	"cells/l"	"Chaetoceros convolutus"	2016	"MOSJ2016"	"V12"	"HAN-008"	"Occurrence"	"l"	"present"	"20 – 0"	"incalculable"		"Handnet"	"handnet"					
20	"AT"	20	"cells/l"	"Chaetoceros decipiens"	2016	"MOSJ2016"	"V12"	"HAN-008"	"Occurrence"	"l"	"present"	"20 – 0"	"incalculable"		"Handnet"	"handnet"					
20	"AT"	20	"cells/l"	"Ciliophora"	2016	"MOSJ2016"	"V12"	"HAN-008"	"Occurrence"	"l"	"present"	"20 – 0"	"incalculable"		"Handnet"	"handnet"	"Ciliophora indet. 40-50um"	"indet."			
20	"AT"	20	"cells/l"	"Dinophysis acuminata"	2016	"MOSJ2016"	"V12"	"HAN-008"	"Occurrence"	"l"	"present"	"20 – 0"	"incalculable"		"Handnet"	"handnet"					
20	"AT"	20	"cells/l"	"Phalacroma rotundatum"	2016	"MOSJ2016"	"V12"	"HAN-008"	"Occurrence"	"l"	"present"	"20 – 0"	"incalculable"		"Handnet"	"handnet"	"Dinophysis rotundata"				
20	"AT"	20	"cells/l"	"Gymnodinium"	2016	"MOSJ2016"	"V12"	"HAN-008"	"Occurrence"	"l"	"present"	"20 – 0"	"incalculable"		"Handnet"	"handnet"	"Gymnodinium sp. 30-40um"	"sp."	"species"		
20	"AT"	20	"cells/l"	"Gyrodinium fusiforme"	2016	"MOSJ2016"	"V12"	"HAN-008"	"Occurrence"	"l"	"present"	"20 – 0"	"incalculable"		"Handnet"	"handnet"					
20	"AT"	20	"cells/l"	"Katodinium glaucum"	2016	"MOSJ2016"	"V12"	"HAN-008"	"Occurrence"	"l"	"present"	"20 – 0"	"incalculable"		"Handnet"	"handnet"					
20	"AT"	20	"cells/l"	"Parafavella obtusangula"	2016	"MOSJ2016"	"V12"	"HAN-008"	"Occurrence"	"l"	"present"	"20 – 0"	"incalculable"		"Handnet"	"handnet"					
20	"AT"	20	"cells/l"	"Proboscia subarctica"	2016	"MOSJ2016"	"V12"	"HAN-008"	"Occurrence"	"l"	"present"	"20 – 0"	"incalculable"		"Handnet"	"handnet"					
20	"AT"	20	"cells/l"	"Protoperidinium brevipes"	2016	"MOSJ2016"	"V12"	"HAN-008"	"Occurrence"	"l"	"present"	"20 – 0"	"incalculable"		"Handnet"	"handnet"					
20	"AT"	20	"cells/l"	"Protoperidinium cerasus"	2016	"MOSJ2016"	"V12"	"HAN-008"	"Occurrence"	"l"	"present"	"20 – 0"	"incalculable"		"Handnet"	"handnet"					
20	"AT"	20	"cells/l"	"Protoperidinium pallidum"	2016	"MOSJ2016"	"V12"	"HAN-008"	"Occurrence"	"l"	"present"	"20 – 0"	"incalculable"		"Handnet"	"handnet"					
20	"AT"	20	"cells/l"	"Protoperidinium pellucidum"	2016	"MOSJ2016"	"V12"	"HAN-008"	"Occurrence"	"l"	"present"	"20 – 0"	"incalculable"		"Handnet"	"handnet"					
20	"AT"	20	"cells/l"	"Ptychocylis obtusa"	2016	"MOSJ2016"	"V12"	"HAN-008"	"Occurrence"	"l"	"present"	"20 – 0"	"incalculable"		"Handnet"	"handnet"					
20	"AT"	20	"cells/l"	"Rhizosolenia semispina"	2016	"MOSJ2016"	"V12"	"HAN-008"	"Occurrence"	"l"	"present"	"20 – 0"	"incalculable"		"Handnet"	"handnet"	"Rhizosolenia hebetata f. semispina"		"form"		
20	"AT"	20	"cells/l"	"Rhizosolenia setigera"	2016	"MOSJ2016"	"V12"	"HAN-008"	"Occurrence"	"l"	"present"	"20 – 0"	"incalculable"		"Handnet"	"handnet"					
20	"AT"	20	"cells/l"	"Scrippsiella"	2016	"MOSJ2016"	"V12"	"HAN-008"	"Occurrence"	"l"	"present"	"20 – 0"	"incalculable"		"Handnet"	"handnet"		"sp."	"species"		
20	"AT"	20	"cells/l"	"Strombidium"	2016	"MOSJ2016"	"V12"	"HAN-008"	"Occurrence"	"l"	"present"	"20 – 0"	"incalculable"		"Handnet"	"handnet"		"sp."	"species"		
20	"AT"	20	"cells/l"	"Tintinnopsis"	2016	"MOSJ2016"	"V12"	"HAN-008"	"Occurrence"	"l"	"present"	"20 – 0"	"incalculable"		"Handnet"	"handnet"		"sp."	"species"		
